cnn,provider_name,Provider Address,city,State,zip_code,Telephone Number,Provider SSA County Code,county,Urban,ownership_type,certified_beds,Average Number of Residents per Day,Average Number of Residents per Day Footnote,Provider Type,Provider Resides in Hospital,Legal Business Name,Date First Approved to Provide Medicare and Medicaid Services,Chain Name,Chain ID,Number of Facilities in Chain,Chain Average Overall 5-star Rating,Chain Average Health Inspection Rating,Chain Average Staffing Rating,Chain Average QM Rating,Continuing Care Retirement Community,Special Focus Status,Abuse Icon,Most Recent Health Inspection More Than 2 Years Ago,Provider Changed Ownership in Last 12 Months,With a Resident and Family Council,Automatic Sprinkler Systems in All Required Areas,overall_rating,Overall Rating Footnote,health_inspection_rating,Health Inspection Rating Footnote,qm_rating,QM Rating Footnote,Long-Stay QM Rating,Long-Stay QM Rating Footnote,Short-Stay QM Rating,Short-Stay QM Rating Footnote,staff_rating,Staffing Rating Footnote,Reported Staffing Footnote,Physical Therapist Staffing Footnote,rn_hours,Reported LPN Staffing Hours per Resident per Day,aide_hours,Reported Licensed Staffing Hours per Resident per Day,total_nursing_hours,Total number of nurse staff hours per resident per day on the weekend,Registered Nurse hours per resident per day on the weekend,Reported Physical Therapist Staffing Hours per Resident Per Day,staff_turnover,Total nursing staff turnover footnote,Registered Nurse turnover,Registered Nurse turnover footnote,Number of administrators who have left the nursing home,Administrator turnover footnote,Nursing Case-Mix Index,Nursing Case-Mix Index Ratio,Case-Mix Nurse Aide Staffing Hours per Resident per Day,Case-Mix LPN Staffing Hours per Resident per Day,Case-Mix RN Staffing Hours per Resident per Day,Case-Mix Total Nurse Staffing Hours per Resident per Day,Case-Mix Weekend Total Nurse Staffing Hours per Resident per Day,Adjusted Nurse Aide Staffing Hours per Resident per Day,Adjusted LPN Staffing Hours per Resident per Day,Adjusted RN Staffing Hours per Resident per Day,Adjusted Total Nurse Staffing Hours per Resident per Day,Adjusted Weekend Total Nurse Staffing Hours per Resident per Day,Rating Cycle 1 Standard Survey Health Date,Rating Cycle 1 Total Number of Health Deficiencies,Rating Cycle 1 Number of Standard Health Deficiencies,Rating Cycle 1 Number of Complaint Health Deficiencies,Rating Cycle 1 Health Deficiency Score,Rating Cycle 1 Number of Health Revisits,Rating Cycle 1 Health Revisit Score,Rating Cycle 1 Total Health Score,Rating Cycle 2 Standard Health Survey Date,Rating Cycle 2/3 Total Number of Health Deficiencies,Rating Cycle 2 Number of Standard Health Deficiencies,Rating Cycle 2/3 Number of Complaint Health Deficiencies,Rating Cycle 2/3 Health Deficiency Score,Rating Cycle 2/3 Number of Health Revisits,Rating Cycle 2/3 Health Revisit Score,Rating Cycle 2/3 Total Health Score,Total Weighted Health Survey Score,Number of Citations from Infection Control Inspections,Number of Fines,total_fines,Number of Payment Denials,total_penalites,Location,latitude,longitude,Geocoding Footnote,Processing Date
505004,AVAMERE REHABILITATION OF ISSAQUAH,805 FRONT STREET,ISSAQUAH,WA,98027,4253921271,160,King,Y,For profit - Limited Liability company,140,82.8,NA,Medicare and Medicaid,N,ISSAQUAH OPERATIONS LLC,1967-01-01,AVAMERE,58,29,3.1,2.7,4.1,3.7,N,NA,N,N,N,Resident,Yes,2,NA,2,NA,4,NA,4,NA,4,NA,2,NA,NA,NA,2.65821,1.05234,0.57763,1.62997,4.28818,3.73111,0.36138,0.04138,43,NA,50,NA,1,NA,1.66638,1.1973800000000001,2.79223,1.03012,0.8134,4.63575,4.11253,2.20452,0.87273,0.47905,3.5563,3.09431,2025-03-27,13,13,1,60,1,0,60,2024-02-06,35,31,7,323,1,0,323,125.75,0,1,48663,0,1,"805 FRONT STREET,ISSAQUAH,WA,98027",47.5385,-122.04,NA,2026-06-01
505009,AVAMERE REHABILITATION OF SHORELINE,1250 NORTHEAST 145TH STREET,SEATTLE,WA,98155,2063635856,160,King,Y,For profit - Corporation,115,68.3,NA,Medicare and Medicaid,N,SHORELINE OPERATIONS LLC,1967-01-01,AVAMERE,58,29,3.1,2.7,4.1,3.7,N,NA,N,N,N,Resident,Yes,2,NA,1,NA,5,NA,4,NA,5,NA,3,NA,NA,NA,2.53599,0.76603,0.83799,1.60403,4.14002,3.30459,0.50994,0.11084,37,NA,73.3,NA,3,NA,1.56134,1.1219,2.61622,0.96519,0.76213,4.34353,3.85329,2.24466,0.67803,0.74173,3.66442,2.92496,2025-05-17,42,28,14,244,1,0,244,2024-03-19,33,21,12,148,1,0,148,220,NA,0,0,0,0,"1250 NORTHEAST 145TH STREET,SEATTLE,WA,98155",47.734,-122.31,NA,2026-06-01
505010,GARDEN VILLAGE,206 SOUTH TENTH AVENUE,YAKIMA,WA,98902,5094534854,380,Yakima,Y,Non profit - Corporation,101,84.5,NA,Medicare and Medicaid,N,GARDEN VILLAGE,1967-01-01,AVALON HEALTH CARE,57,16,3.4,2.8,3.9,4.2,N,NA,N,N,N,Resident,Yes,2,NA,2,NA,3,NA,3,NA,3,NA,2,NA,NA,NA,2.87653,0.89731,0.47056,1.36787,4.24439,3.60731,0.23152,0.01714,NA,26,NA,26,NA,26,1.33325,0.95801,2.23403,0.82419,0.65079,3.70902,3.29039,2.98164,0.9301,0.48775,4.39949,3.73913,2025-09-09,14,13,2,68,1,0,68,2024-10-29,39,25,24,460,1,0,460,166,1,3,102166,1,4,"206 SOUTH TENTH AVENUE,YAKIMA,WA,98902",46.5957,-120.52,NA,2026-06-01
505016,GRAYS HARBOR HEALTH & REHABILITATION CENTER,920 ANDERSON DRIVE,ABERDEEN,WA,98520,3605325122,130,Grays Harbor,N,For profit - Corporation,105,66.3,NA,Medicare and Medicaid,N,"AVALON CARE CENTER - ABERDEEN, LLC",1967-01-01,AVALON HEALTH CARE,57,16,3.4,2.8,3.9,4.2,N,NA,N,N,N,Resident,Yes,4,NA,4,NA,4,NA,5,NA,4,NA,3,NA,NA,NA,2.88324,1.06845,0.39386,1.46232,4.34556,4.02379,0.16914,0.02598,43.9,NA,50,NA,0,NA,1.35809,0.97586,2.27566,0.83955,0.66292,3.77812,3.3517,2.93394,1.08724,0.40079,4.42197,4.09454,2025-03-19,10,6,4,40,1,0,40,2024-02-23,6,4,4,24,1,0,24,36,0,0,0,0,0,"920 ANDERSON DRIVE,ABERDEEN,WA,98520",46.979,-123.85,NA,2026-06-01
505017,WASHINGTON CARE CENTER,2821 SOUTH WALDEN STREET,SEATTLE,WA,98144,2067252800,160,King,Y,For profit - Limited Liability company,165,123.3,NA,Medicare and Medicaid,N,WCC OPERATOR LLC,1978-07-01,NA,NA,NA,NA,NA,NA,NA,N,NA,N,N,N,Resident,Yes,3,NA,2,NA,5,NA,5,NA,3,NA,4,NA,NA,NA,2.2044,0.75369,0.97389,1.72759,3.93199,3.52882,0.91685,0.04616,45.7,NA,50,NA,2,NA,1.30573,0.93824,2.18791,0.80718,0.63736,3.63245,3.22247,2.33312,0.7977,1.03076,4.16158,3.73487,2025-12-16,14,12,2,96,1,0,96,2024-08-21,19,16,3,136,1,0,136,106,0,3,58704,0,3,"2821 SOUTH WALDEN STREET,SEATTLE,WA,98144",47.5722,-122.3,NA,2026-06-01
505024,SPOKANE FALLS CARE,6021 NORTH LIDGERWOOD,SPOKANE,WA,99207,5094893323,310,Spokane,Y,For profit - Corporation,100,77.8,NA,Medicare and Medicaid,N,SPOKANE FALLS CARE LLC,1967-01-01,CALDERA CARE,97,7,2.9,2.6,3,4.1,N,NA,N,N,N,Resident,Yes,1,NA,1,NA,3,NA,5,NA,1,NA,2,NA,NA,NA,2.37443,0.9423,0.45288,1.39518,3.76961,3.35106,0.18346,0.07372,56,NA,90,NA,2,NA,1.26647,0.91003,2.12213,0.78291,0.6182,3.52323,3.12558,2.59097,1.02824,0.49419,4.1134,3.65668,2024-12-17,45,31,45,252,1,0,252,2023-08-03,49,18,36,324,1,0,324,270,0,2,125736,0,2,"6021 NORTH LIDGERWOOD,SPOKANE,WA,99207",47.7115,-117.41,NA,2026-06-01
505033,ROCKWOOD SOUTH HILL,EAST 2903 25TH AVENUE,SPOKANE,WA,99223,5095366650,310,Spokane,Y,Non profit - Church related,45,34.8,NA,Medicare,N,SPOKANE UNITED METHODIST HOMES,1967-01-01,NA,NA,NA,NA,NA,NA,NA,Y,NA,N,N,N,Both,Yes,3,NA,3,NA,2,NA,1,NA,3,NA,4,NA,NA,NA,3.21239,0.3409,1.45666,1.79755,5.00994,4.84058,1.13975,0.12834,NA,26,NA,26,NA,26,1.32496,0.95206,2.22014,0.81907,0.64675,3.68595,3.26994,3.35061,0.35557,1.51933,5.2255,5.04886,2024-12-09,22,21,1,108,1,0,108,2023-08-03,12,11,1,64,1,0,64,97,NA,0,0,0,0,"EAST 2903 25TH AVENUE,SPOKANE,WA,99223",47.6844,-117.41,NA,2026-06-01
505042,BALLARD  CENTER,820 NORTHWEST 95TH STREET,SEATTLE,WA,98117,2067820100,160,King,Y,For profit - Limited Liability company,142,97.3,NA,Medicare and Medicaid,N,820 NW 95TH STREET OPERATIONS LLC,1967-01-01,GENESIS HEALTHCARE,237,187,2.4,2.3,2.5,3.6,N,NA,N,N,N,Resident,Yes,2,NA,2,NA,3,NA,5,NA,1,NA,4,NA,NA,NA,2.05646,0.56221,0.9605,1.5227,3.57916,3.34907,0.76887,0.03347,53,NA,42.1,NA,1,NA,1.16219,0.8351,1.9474,0.71844,0.5673,3.23314,2.86823,2.44535,0.66852,1.14213,4.256,3.9824,2025-01-08,29,19,12,156,1,0,156,2023-09-13,26,17,10,132,1,0,132,150,NA,0,0,1,1,"820 NORTHWEST 95TH STREET,SEATTLE,WA,98117",47.6979,-122.37,NA,2026-06-01
505059,PANORAMA CITY CONV & REHAB CTR,1600 SLEATER KINNEY ROAD SE,LACEY,WA,98503,3604560111,330,Thurston,Y,Non profit - Corporation,155,119.5,NA,Medicare and Medicaid,N,PANORAMA,1967-01-01,NA,NA,NA,NA,NA,NA,NA,Y,NA,N,N,N,Resident,Yes,5,NA,4,NA,5,NA,5,NA,5,NA,5,NA,NA,NA,3.09889,0.87334,0.94754,1.82088,4.91977,4.10943,0.625,0.04801,30.8,NA,25,NA,0,NA,1.54269,1.10851,2.58498,0.95366,0.75303,4.29167,3.80728,2.77604,0.78235,0.84882,4.40722,3.6813,2026-01-27,7,5,2,60,1,0,60,2024-10-15,10,5,5,84,1,0,84,66,NA,2,42904,0,2,"1600 SLEATER KINNEY ROAD SE,LACEY,WA,98503",47.0314,-122.83,NA,2026-06-01
505070,LIFE CARE CENTER OF RICHLAND,44 GOETHALS DRIVE,RICHLAND,WA,99352,5099431117,020,Benton,Y,For profit - Corporation,104,65.8,NA,Medicare and Medicaid,N,"RICHLAND MEDICAL INVESTORS, LLC",1979-07-10,LIFE CARE CENTERS OF AMERICA,311,194,3.5,2.9,3.3,4.5,N,NA,N,N,N,Resident,Yes,3,NA,2,NA,5,NA,5,NA,4,NA,2,NA,NA,NA,2.32937,1.04105,0.64129,1.68234,4.01171,3.35002,0.36478,0.09052,62,NA,71.4,NA,0,NA,1.63168,1.17245,2.73408,1.00867,0.79646,4.53922,4.02689,1.97289,0.88173,0.54315,3.39778,2.83734,2025-07-23,24,16,8,128,1,0,128,2024-07-17,38,21,21,252,1,0,252,159,2,2,141035,0,2,"44 GOETHALS DRIVE,RICHLAND,WA,99352",46.2614,-119.28,NA,2026-06-01
505074,PARK MANOR REHABILITATION CTR,1710 PLAZA WAY,WALLA WALLA,WA,99362,5095294218,350,Walla Walla,Y,For profit - Corporation,99,73,NA,Medicare and Medicaid,N,MANOR PARK HEALTHCARE LLC,1972-11-01,THE ENSIGN GROUP,507,342,3.2,2.9,2.4,4.4,N,NA,N,N,N,Resident,Yes,5,NA,5,NA,5,NA,5,NA,5,NA,5,NA,NA,NA,2.59324,0.53536,1.24883,1.78419,4.37743,3.7841,0.84452,0.22286,27.6,NA,18.2,NA,0,NA,1.48861,1.06964,2.49435,0.92023,0.72663,4.14121,3.6738,2.40747,0.49701,1.15937,4.06385,3.51303,2025-03-28,4,4,0,36,1,0,36,2024-02-28,1,1,0,4,1,0,4,28,0,1,28106,0,1,"1710 PLAZA WAY,WALLA WALLA,WA,99362",46.0475,-118.35,NA,2026-06-01
505075,REGENCY AT THE PARK,1440 SE GARRISON VILLAGE WAY,COLLEGE PLACE,WA,99324,5095294480,350,Walla Walla,Y,For profit - Corporation,106,78.5,NA,Medicare and Medicaid,N,BD COLLEGE PLACE I LLC,1974-08-01,REGENCY PACIFIC MANAGEMENT,442,27,4,3.7,3.9,3.7,N,NA,N,N,N,Resident,Yes,4,NA,4,NA,3,NA,3,NA,3,NA,4,NA,NA,NA,2.43604,0.50291,1.17495,1.67786,4.11389,3.45513,0.68153,0.06843,44.6,NA,45.5,NA,0,NA,1.39457,1.00207,2.33677,0.86209,0.68072,3.87959,3.44172,2.41404,0.49836,1.16434,4.07674,3.42393,2026-01-09,8,8,0,32,1,0,32,2025-03-04,15,10,5,104,1,0,104,50,2,2,148838,1,3,"1440 SE GARRISON VILLAGE WAY,COLLEGE PLACE,WA,99324",46.0437,-118.37,NA,2026-06-01
505080,LIFE CARE CENTER OF KENNEWICK,1508 WEST SEVENTH AVENUE,KENNEWICK,WA,99336,5095869185,020,Benton,Y,For profit - Corporation,136,76.3,NA,Medicare and Medicaid,N,"KENNEWICK MEDICAL INVESTORS, LLC",1974-06-01,LIFE CARE CENTERS OF AMERICA,311,194,3.5,2.9,3.3,4.5,N,NA,N,N,N,Resident,Yes,3,NA,2,NA,5,NA,5,NA,5,NA,4,NA,NA,NA,2.32207,0.92886,0.90674,1.8356,4.15768,3.39845,0.41621,0.0451,48.3,NA,35.3,NA,1,NA,1.47089,1.05691,2.46465,0.90927,0.71798,4.0919,3.63006,2.18171,0.87271,0.85193,3.90635,3.19302,2025-11-21,18,7,11,84,1,0,84,2024-08-26,24,6,18,290,1,0,290,135.5,0,3,67689,0,3,"1508 WEST SEVENTH AVENUE,KENNEWICK,WA,99336",46.2022,-119.14,NA,2026-06-01
505081,PACIFIC CARE AND REHABILITATION,3035 CHERRY STREET,HOQUIAM,WA,98550,3605327882,130,Grays Harbor,N,For profit - Corporation,72,65,NA,Medicare and Medicaid,N,"HOQUIAM HEALTHCARE, INC.",1972-05-08,THE ENSIGN GROUP,507,342,3.2,2.9,2.4,4.4,N,NA,N,N,N,Resident,Yes,5,NA,5,NA,5,NA,5,NA,5,NA,3,NA,NA,NA,2.32413,0.99798,0.64924,1.64722,3.97135,3.49682,0.30049,0.10427,39.4,NA,30.8,NA,0,NA,1.53634,1.10394,2.57432,0.94973,0.74992,4.27398,3.79159,2.09062,0.8977,0.58401,3.57233,3.14548,2025-05-23,4,4,0,16,1,0,16,2024-04-04,3,2,1,12,1,0,12,15,0,0,0,0,0,"3035 CHERRY STREET,HOQUIAM,WA,98550",46.9769,-123.86,NA,2026-06-01
505085,CRESCENT HEALTH CARE,505 NORTH 40TH AVENUE,YAKIMA,WA,98908,5092484446,380,Yakima,Y,For profit - Corporation,85,49.8,NA,Medicare and Medicaid,N,"CRESCENT HEALTH CARE, INC.",1967-01-01,NA,NA,NA,NA,NA,NA,NA,N,NA,N,N,N,Resident,Yes,2,NA,2,NA,2,NA,2,NA,1,NA,3,NA,NA,NA,2.18825,0.72483,0.63546,1.36029,3.54854,3.12539,0.62228000000000006,0,33.3,NA,40,NA,0,NA,1.42059,1.02077,2.38037,0.87818,0.69342,3.95197,3.50593,2.12877,0.70513,0.61818,3.45208,3.04043,2025-12-05,11,10,1,88,1,0,88,2024-12-09,26,17,9,188,1,0,188,113,2,4,274247,1,5,"505 NORTH 40TH AVENUE,YAKIMA,WA,98908",46.6052,-120.56,NA,2026-06-01
505086,LANDMARK CARE AND REHABILITATION,710 NORTH 39TH AVENUE,YAKIMA,WA,98902,5092484102,380,Yakima,Y,For profit - Corporation,93,76.1,NA,Medicare and Medicaid,N,HYGATE PROPERTIES INC,1979-01-01,HYATT FAMILY FACILITIES,276,5,2.6,2.4,3.4,3.8,N,NA,N,N,N,Resident,Yes,1,NA,1,NA,4,NA,3,NA,5,NA,4,NA,NA,NA,2.73422,0.41034,0.78646,1.1968,3.93102,3.42519,0.52712,0.18287,32.4,NA,38.5,NA,1,NA,1.28723,0.92494,2.15691,0.79574,0.62833,3.58097,3.1768,2.93548,0.44054,0.84435,4.22036,3.67731,2025-06-13,16,14,2,136,1,0,136,2024-05-22,39,24,15,315,1,0,315,180.75,0,3,356032,0,3,"710 NORTH 39TH AVENUE,YAKIMA,WA,98902",46.6093,-120.56,NA,2026-06-01
505092,ALDERWOOD PARK HEALTH AND REHAB OF CASCADIA,2726 ALDERWOOD AVENUE,BELLINGHAM,WA,98225,3607332322,360,Whatcom,Y,For profit - Limited Liability company,102,73.6,NA,Medicare and Medicaid,N,BELLINGHAM NORTH OF CASCADIA LLC,1967-01-01,CASCADIA HEALTHCARE,118,44,3.2,2.9,2.8,4,N,NA,N,N,N,Resident,Yes,5,NA,4,NA,5,NA,5,NA,4,NA,3,NA,NA,NA,2.12517,0.73815,0.95171,1.68987,3.81504,3.38717,0.68023,0.12766,39.2,NA,38.9,NA,0,NA,1.53131,1.10032,2.5659,0.94662,0.74747,4.25999,3.77918,1.91792,0.66617,0.8589,3.44299,3.05685,2026-01-16,7,7,0,36,1,0,36,2025-02-28,24,12,12,120,1,0,120,57,0,0,0,0,0,"2726 ALDERWOOD AVENUE,BELLINGHAM,WA,98225",48.7799,-122.5,NA,2026-06-01
505093,ORCHARD PARK HEALTH CARE & REHAB CENTER,4755 SOUTH 48TH,TACOMA,WA,98409,2534754611,260,Pierce,Y,For profit - Limited Liability company,147,111.5,NA,Medicare and Medicaid,N,4755 SOUTH 48TH STREET OPERATIONS LLC,1970-11-01,GENESIS HEALTHCARE,237,187,2.4,2.3,2.5,3.6,N,NA,N,N,N,Resident,Yes,1,NA,1,NA,3,NA,5,NA,2,NA,4,NA,NA,NA,1.96321,1.12563,0.72123,1.84685,3.81007,3.3795,0.51196,0.05114,40.8,NA,31.6,NA,0,NA,1.33317,0.95795,2.23389,0.82414,0.65075,3.70877,3.29018,2.03509,1.16684,0.74763,3.94955,3.50322,2025-06-12,25,18,7,176,1,0,176,2024-09-09,57,34,26,376,1,0,376,226,NA,2,154724,0,2,"4755 SOUTH 48TH,TACOMA,WA,98409",47.2138,-122.5,NA,2026-06-01
505096,LINDEN POST ACUTE,802 WEST THIRD AVENUE,TOPPENISH,WA,98948,5098653955,380,Yakima,Y,For profit - Corporation,75,71.9,NA,Medicare and Medicaid,N,LINDEN SNF HEALTHCARE LLC,1968-01-01,PACS GROUP,690,280,3,2.5,2.4,4.3,N,NA,N,N,N,Resident,Yes,4,NA,4,NA,3,NA,2,NA,4,NA,3,NA,NA,NA,2.50292,0.56464,0.5834,1.14804,3.65097,3.45052,0.50689,0.02596,29.3,NA,60,NA,0,NA,1.43977,1.03455,2.41252,0.89004,0.70279,4.00535,3.55328,2.40244,0.54197,0.55998,3.5044,3.312,2025-11-21,10,8,2,44,1,0,44,2024-10-30,18,12,6,84,1,0,84,54,NA,0,0,0,0,"802 WEST THIRD AVENUE,TOPPENISH,WA,98948",46.3732,-120.32,NA,2026-06-01
505098,SHUKSAN REHABILITATION AND HEALTH CARE,1530 JAMES STREET,BELLINGHAM,WA,98225,3607339161,360,Whatcom,Y,For profit - Corporation,52,44.8,NA,Medicare and Medicaid,N,SOUNDVIEW REHABILITATION AND HEALTH CARE INC,1967-01-01,HYATT FAMILY FACILITIES,276,5,2.6,2.4,3.4,3.8,N,SFF Candidate,N,N,N,Resident,Yes,1,NA,1,NA,4,NA,4,NA,5,NA,3,NA,NA,NA,2.37096,0.53329,0.94663,1.47992,3.85088,3.19121,0.43495,0.1203,62.7,NA,86.7,NA,0,NA,1.39708,1.00388,2.34098,0.86365,0.68195,3.88657,3.44791,2.34532,0.52752,0.9364,3.80924,3.1567,2025-05-01,27,21,10,406,1,0,406,2024-05-16,25,14,11,160,1,0,160,344.5,NA,1,74794,1,2,"1530 JAMES STREET,BELLINGHAM,WA,98225",48.7495,-122.47,NA,2026-06-01
505099,SPOKANE VALLEY HEALTH AND REHABILITATION OF CASCAD,EAST 17121 EIGHTH AVENUE,SPOKANE VALLEY,WA,99016,5099246161,310,Spokane,Y,For profit - Limited Liability company,97,92.2,NA,Medicare and Medicaid,N,SPOKANE OF CASCADIA LLC,1967-01-01,CASCADIA HEALTHCARE,118,44,3.2,2.9,2.8,4,N,NA,N,N,N,Resident,Yes,2,NA,3,NA,2,NA,3,NA,2,NA,1,25,25,6,NA,NA,NA,NA,NA,NA,NA,NA,NA,26,NA,26,1,NA,NA,NA,NA,NA,NA,NA,NA,NA,NA,NA,NA,NA,2025-11-24,11,9,5,52,1,0,52,2024-08-13,31,20,12,164,1,0,164,80,NA,4,27034,0,4,"EAST 17121 EIGHTH AVENUE,SPOKANE VALLEY,WA,99016",47.6433,-117.15,22,2026-06-01
505114,AURORA VALLEY CARE,414 S UNIVERSITY RD,SPOKANE,WA,99206,5099244650,310,Spokane,Y,For profit - Limited Liability company,124,76.9,NA,Medicare and Medicaid,N,AURORA VALLEY CARE LLC,1967-01-06,CALDERA CARE,97,7,2.9,2.6,3,4.1,N,NA,N,N,N,Both,Yes,2,NA,1,NA,5,NA,5,NA,4,NA,4,NA,NA,NA,2.43299,0.9728,0.69428,1.66709,4.10008,3.45676,0.35273,0.07089,66.7,NA,33.3,NA,1,NA,1.30213,0.93565,2.18188,0.80495,0.6356,3.62244,3.21359,2.58218,1.03245,0.73685,4.35148,3.66872,2025-09-15,33,31,4,244,1,0,244,2024-06-27,53,24,30,280,1,0,280,253,2,1,93457,0,1,"414 S UNIVERSITY RD,SPOKANE,WA,99206",47.6532,-117.26,NA,2026-06-01
505123,Bremerton Trails Post Acute,2701 CLARE AVENUE,BREMERTON,WA,98310,3603773951,170,Kitsap,Y,For profit - Limited Liability company,125,104.2,NA,Medicare and Medicaid,N,"RINCON BEACH, LLC",1969-07-01,KALESTA HEALTHCARE GROUP,297,17,2.4,1.9,3.1,4.1,N,SFF Candidate,N,N,N,Both,Yes,1,NA,1,NA,4,NA,4,NA,4,NA,3,NA,NA,NA,2.22438,1.08405,0.52649,1.61054,3.83492,3.37999,0.3162,0.11531,61.1,NA,66.7,NA,2,NA,1.25247,0.89997,2.09867,0.77425,0.61136,3.48429,3.09103,2.45437,1.19613,0.58093,4.23144,3.72946,2025-11-18,38,29,14,264,2,132,396,2024-07-13,49,20,31,533,1,0,533,430.25,NA,2,174068,1,3,"2701 CLARE AVENUE,BREMERTON,WA,98310",47.5847,-122.63,NA,2026-06-01
505126,AVALON HEALTH & REHABILITATION CENTER - PASCO,2004 N 22ND AVENUE,PASCO,WA,99301,5095478811,100,Franklin,Y,For profit - Corporation,108,55,NA,Medicare and Medicaid,N,AVALON CARE CENTER-PASCO LLC,1974-06-01,AVALON HEALTH CARE,57,16,3.4,2.8,3.9,4.2,N,NA,N,N,N,Resident,Yes,1,NA,1,NA,4,NA,4,NA,4,NA,4,NA,NA,NA,2.54095,0.71304,0.99179,1.70483,4.24577,3.69384,0.58166,0.16226,50.6,NA,57.1,NA,1,NA,1.42639,1.02493,2.39009,0.88176,0.69625,3.9681,3.52024,2.46183,0.69083,0.96091,4.11358,3.57883,2025-05-27,32,19,13,172,1,0,172,2024-04-23,46,26,20,268,1,0,268,196,2,0,0,0,0,"2004 N 22ND AVENUE,PASCO,WA,99301",46.2457,-119.12,NA,2026-06-01
505128,SEQUIM BAY POST ACUTE,650 WEST HEMLOCK ST,SEQUIM,WA,98382,3605822400,040,Clallam,N,For profit - Limited Liability company,100,81.6,NA,Medicare and Medicaid,N,"WAILEA BEACH, LLC",1969-10-01,KALESTA HEALTHCARE GROUP,297,17,2.4,1.9,3.1,4.1,N,NA,N,N,N,Resident,Yes,3,NA,3,NA,4,NA,5,NA,4,NA,3,NA,NA,NA,2.35418,0.78508,0.6566,1.44168,3.79586,3.27311,0.26147,0.07938,48.6,NA,46.2,NA,NA,26,1.38831,0.99758,2.32629,0.85823,0.67767,3.86219,3.42628,2.34343,0.78149,0.6536,3.77853,3.25817,2025-08-22,13,7,6,92,1,0,92,2024-08-12,23,13,11,128,1,0,128,101,0,1,61263,0,1,"650 WEST HEMLOCK ST,SEQUIM,WA,98382",48.0751,-123.12,NA,2026-06-01
505140,HIGHLAND HEALTH AND REHABILITATION OF CASCADIA,2400 SAMISH WAY,BELLINGHAM,WA,98229,3607344800,360,Whatcom,Y,For profit - Corporation,44,36.4,NA,Medicare and Medicaid,N,"BELLINGHAM SOUTH OF CASCADIA, LLC",1972-05-31,CASCADIA HEALTHCARE,118,44,3.2,2.9,2.8,4,N,NA,N,N,N,Resident,Yes,3,NA,3,NA,4,NA,4,NA,5,NA,4,NA,NA,NA,2.03584,0.35147,1.28935,1.64082,3.67666,3.06648,0.7969,0.092,56.9,NA,35.7,NA,1,NA,1.31027,0.9415,2.19552,0.80998,0.63957,3.64508,3.23367,2.14724,0.37071,1.35991,3.87786,3.23429,2025-08-07,13,8,6,84,1,0,84,2024-07-30,22,10,12,152,1,0,152,101,1,3,69274,0,3,"2400 SAMISH WAY,BELLINGHAM,WA,98229",48.7099,-122.46,NA,2026-06-01
505151,CASHMERE POST ACUTE,817 PIONEER AVENUE,CASHMERE,WA,98815,5097821251,030,Chelan,Y,For profit - Limited Liability company,95,91.9,NA,Medicare and Medicaid,N,"T-STREET HOLDINGS, LLC",1967-01-31,NA,NA,NA,NA,NA,NA,NA,N,NA,N,N,N,Resident,Yes,3,NA,3,NA,2,NA,2,NA,3,NA,3,NA,NA,NA,2.38052,0.09166,0.86512,0.95678,3.3373,2.90261,0.69185,0.0345,35.1,NA,34.6,NA,1,NA,1.33221,0.95726,2.23228,0.82354,0.65028,3.70611,3.28781,2.46944,0.09509,0.89743,3.46196,3.01104,2025-01-13,15,15,0,76,1,0,76,2023-11-15,19,15,8,100,1,0,100,82,0,1,15340,0,1,"817 PIONEER AVENUE,CASHMERE,WA,98815",47.517,-120.48,NA,2026-06-01
505154,TACOMA NURSING AND REHABILITATION CENTER,2102 SOUTH 96TH STREET,TACOMA,WA,98444,2535812514,260,Pierce,Y,For profit - Limited Liability company,150,92.4,NA,Medicare and Medicaid,N,HIGHLAND WELLNESSCARE LLC,1983-03-01,NA,NA,NA,NA,NA,NA,NA,N,NA,N,N,N,Both,Yes,5,NA,5,NA,5,NA,5,NA,4,NA,3,NA,NA,NA,2.92517,1.49559,0.58837,2.08396,5.00913,4.4434,0.59542,0.05879,52.6,NA,53.3,NA,0,NA,1.77153,1.27293,2.96841,1.09512,0.86472,4.92826,4.37202,2.28194,1.16671,0.45899,3.90764,3.46632,2025-04-24,0,0,0,0,0,0,0,2024-03-28,13,8,5,80,1,0,80,20,NA,1,36446,0,1,"2102 SOUTH 96TH STREET,TACOMA,WA,98444",47.1701,-122.44,NA,2026-06-01
505181,REDMOND CARE AND REHABILITATION CENTER,7900 WILLOWS ROAD NORTHEAST,REDMOND,WA,98052,4258850808,160,King,Y,For profit - Corporation,139,83.5,NA,Medicare and Medicaid,N,"UNION HILL HEALTHCARE, INC.",1968-05-01,THE ENSIGN GROUP,507,342,3.2,2.9,2.4,4.4,N,NA,N,N,N,Resident,Yes,5,NA,4,NA,5,NA,5,NA,5,NA,4,NA,NA,NA,2.06114,0.65789,0.88686,1.54475,3.60589,3.24908,0.61726,0.17433,23.3,NA,21.4,NA,1,NA,1.44977,1.04174,2.42927,0.89622,0.70767,4.03316,3.57796,1.96475,0.62712,0.84539,3.43726,3.09713,2025-06-13,8,7,1,36,1,0,36,2024-06-12,9,8,1,44,1,0,44,38,NA,0,0,0,0,"7900 WILLOWS ROAD NORTHEAST,REDMOND,WA,98052",47.6749,-122.14,NA,2026-06-01
505182,PROVIDENCE MOUNT ST VINCENT,4831 35TH AVENUE SOUTHWEST,SEATTLE,WA,98126,2069373700,160,King,Y,Non profit - Corporation,215,181,NA,Medicare and Medicaid,N,PROVIDENCE HEALTH & SERVICES WASHINGTON,1968-04-01,PROVIDENCE HEALTH & SERVICES,430,9,2.8,2.6,4,3.7,N,NA,Y,N,N,Resident,Yes,2,NA,2,NA,3,NA,4,NA,3,NA,4,NA,NA,NA,2.59371,0.62752,1.0955,1.72301,4.31672,3.8010100000000002,0.81125,0,62.4,NA,52.4,NA,0,NA,1.2502,0.89834,2.09487,0.77285,0.61025,3.47798,3.08543,2.86708,0.69365,1.21096,4.7717,4.20164,2025-01-10,28,24,8,192,1,0,192,2023-10-27,20,14,7,132,1,0,132,177,NA,3,152244,0,3,"4831 35TH AVENUE SOUTHWEST,SEATTLE,WA,98126",47.5585,-122.38,NA,2026-06-01
505183,Avalon Healthcare - Tacoma,7411 PACIFIC AVENUE,TACOMA,WA,98408,2534748456,260,Pierce,Y,For profit - Limited Liability company,81,49.9,NA,Medicare and Medicaid,N,AVALON HEALTHCARE - TACOMA LLC,1968-02-08,AVALON HEALTH CARE,57,16,3.4,2.8,3.9,4.2,N,NA,N,N,N,Resident,Yes,1,NA,1,NA,3,NA,3,NA,2,NA,4,NA,NA,NA,3.06791,0.90115,0.9831,1.88425,4.95216,4.20429,0.44733,0.01839,60.2,NA,64.7,NA,2,NA,1.35764,0.97554,2.2749,0.83927,0.6627,3.77686,3.35058,3.12289,0.9173,1.00072,5.04091,4.27964,2025-07-30,25,24,1,148,1,0,148,2024-10-09,40,32,8,252,1,0,252,174,NA,1,38175,0,1,"7411 PACIFIC AVENUE,TACOMA,WA,98408",47.1899,-122.43,NA,2026-06-01
505185,Olympic View Post Acute,1116 E LAURIDSEN BOULEVARD,PORT ANGELES,WA,98362,3604529206,040,Clallam,N,For profit - Corporation,101,82.7,NA,Medicare and Medicaid,N,"CARDIFF BEACH, LLC",1968-07-18,KALESTA HEALTHCARE GROUP,297,17,2.4,1.9,3.1,4.1,N,NA,N,N,N,Resident,Yes,1,NA,1,NA,2,NA,4,NA,1,NA,3,NA,NA,NA,2.6058500000000002,0.25794,0.70951,0.96745,3.5733,3.06904,0.56685,0.05386,44.1,NA,53.3,NA,1,NA,1.34679,0.96774,2.25671,0.83256,0.6574,3.74666,3.32379,2.67393,0.26468,0.72805,3.66666,3.14923,2025-05-13,39,21,18,288,1,0,288,2024-07-26,46,16,32,280,1,0,280,286,1,3,144479,1,4,"1116 E LAURIDSEN BOULEVARD,PORT ANGELES,WA,98362",48.1039,-123.42,NA,2026-06-01
505188,LIFE CARE CENTER OF FEDERAL WAY,1045 SOUTH 308TH STREET,FEDERAL WAY,WA,98003,2539462273,160,King,Y,For profit - Limited Liability company,157,84.5,NA,Medicare and Medicaid,N,CONSOLIDATED RESOURCES HEALTH CARE FUND I LP,1968-09-17,LIFE CARE CENTERS OF AMERICA,311,194,3.5,2.9,3.3,4.5,N,NA,N,N,N,Resident,Yes,2,NA,1,NA,5,NA,5,NA,4,NA,3,NA,NA,NA,2.50122,0.94016,0.73012,1.67028,4.1715,3.59115,0.56898,0.00938,55.5,NA,70.8,NA,2,NA,1.39893,1.0052,2.34408,0.86479,0.68285,3.89172,3.45247,2.4709,0.92877,0.72127,4.12094,3.54762,2025-03-18,29,29,1,148,1,0,148,2024-01-10,36,27,9,264,1,0,264,177,NA,2,98970,0,2,"1045 SOUTH 308TH STREET,FEDERAL WAY,WA,98003",47.326,-122.32,NA,2026-06-01
505195,North Auburn Care,2830  I  STREET NORTHEAST,AUBURN,WA,98002,2535618100,160,King,Y,For profit - Limited Liability company,125,73.1,NA,Medicare and Medicaid,N,Legal Business Name Not Available,1983-01-01,CALDERA CARE,97,7,2.9,2.6,3,4.1,N,NA,N,N,N,Resident,Yes,3,NA,2,NA,5,NA,5,NA,5,NA,4,NA,NA,NA,2.67428,0.70514,0.75217,1.45731,4.13159,3.6415,0.5094,0.05168,34.7,NA,33.3,NA,4,NA,1.46025,1.04927,2.44683,0.9027,0.71278,4.06232,3.60382,2.53092,0.66734,0.71185,3.91011,3.44629,2025-04-21,26,25,1,144,1,0,144,2024-03-22,34,28,7,232,1,0,232,166,NA,1,12035,0,1,"2830  I  STREET NORTHEAST,AUBURN,WA,98002",47.3321,-122.22,NA,2026-06-01
505202,VALLEY VIEW SKILLED NURSING AND REHABILITATION,4430 TALBOT ROAD SOUTH,RENTON,WA,98055,4252267500,160,King,Y,For profit - Limited Liability company,136,101.7,NA,Medicare and Medicaid,N,TALBOT RD S I HEALTHCARE LLC,1970-06-01,VERTICAL HEALTH SERVICES,636,16,1.9,2.3,1.6,3.5,N,NA,N,N,N,None,Yes,3,NA,3,NA,4,NA,4,NA,4,NA,3,NA,NA,NA,2.4038,0.66311,0.91614,1.57925,3.98305,3.47667,0.64095,0.07873,41.3,NA,27.8,NA,1,NA,1.60356,1.15225,2.68697,0.99129,0.78274,4.461,3.95751,2.07163,0.57148,0.78954,3.43265,2.99624,2026-03-24,12,11,1,72,1,0,72,2024-12-13,26,23,3,144,1,0,144,90,NA,0,0,0,0,"4430 TALBOT ROAD SOUTH,RENTON,WA,98055",47.4394,-122.21,NA,2026-06-01
505204,QUEEN ANNE HEALTHCARE,2717 DEXTER AVENUE NORTH,SEATTLE,WA,98109,2062847012,160,King,Y,For profit - Partnership,120,92.4,NA,Medicare and Medicaid,N,SEATTLE OPERATIONS LLC,1976-03-01,AVAMERE,58,29,3.1,2.7,4.1,3.7,N,NA,N,N,N,Resident,Yes,5,NA,4,NA,3,NA,4,NA,2,NA,5,NA,NA,NA,2.84637,0.66186,1.33009,1.99195,4.83832,4.09737,1.04097,0.13651,33.9,NA,20.8,NA,0,NA,1.4671,1.05419,2.45831,0.90693,0.71613,4.08138,3.62073,2.68121,0.62346,1.25291,4.55758,3.85962,2025-02-03,8,8,0,32,1,0,32,2023-10-20,14,10,5,76,1,0,76,43,NA,0,0,0,0,"2717 DEXTER AVENUE NORTH,SEATTLE,WA,98109",47.6446,-122.35,NA,2026-06-01
505206,THE OAKS AT TIMBERLINE,400 EAST 33RD STREET,VANCOUVER,WA,98663,3606962561,050,Clark,Y,For profit - Corporation,85,65,NA,Medicare and Medicaid,N,"COLUMBIA RIVER HEALTHCARE, INC.",1970-11-09,THE ENSIGN GROUP,507,342,3.2,2.9,2.4,4.4,N,NA,N,N,N,Resident,Yes,5,NA,5,NA,5,NA,5,NA,5,NA,3,NA,NA,NA,2.31115,1.24065,0.46049,1.70113,4.01228,3.48573,0.35305,0.16166,34.2,NA,50,NA,1,NA,1.43325,1.02987,2.40159,0.88601,0.69961,3.98721,3.53719,2.22846,1.19626,0.44401,3.86873,3.36101,2026-03-05,3,3,0,12,1,0,12,2025-01-27,9,8,2,48,1,0,48,21,NA,0,0,0,0,"400 EAST 33RD STREET,VANCOUVER,WA,98663",45.6453,-122.67,NA,2026-06-01
505210,LIFE CARE CENTER OF PORT ORCHARD,2031 POTTERY AVENUE,PORT ORCHARD,WA,98366,3608768035,170,Kitsap,Y,For profit - Corporation,125,83.2,NA,Medicare and Medicaid,N,"PORT ORCHARD OPERATIONS, LLC",1979-08-01,LIFE CARE CENTERS OF AMERICA,311,194,3.5,2.9,3.3,4.5,N,NA,N,N,N,Resident,Yes,5,NA,4,NA,5,NA,5,NA,5,NA,4,NA,NA,NA,2.0348,0.74714,1.10792,1.85506,3.88986,3.17509,0.57558,0.11332,44.4,NA,37.5,NA,0,NA,1.4445,1.03795,2.42045,0.89296,0.7051,4.01851,3.56495,1.94672,0.71479,1.05996,3.72147,3.03765,2026-04-10,15,15,0,68,1,0,68,2025-02-28,11,8,3,48,1,0,48,63,NA,0,0,0,0,"2031 POTTERY AVENUE,PORT ORCHARD,WA,98366",47.5176,-122.65,NA,2026-06-01
505211,Puyallup Post Acute,516 23RD AVE SE,PUYALLUP,WA,98372,2538456631,260,Pierce,Y,For profit - Corporation,96,89.4,NA,Medicare and Medicaid,N,"PUYALLUP CARE CENTER, INC",1971-08-31,REGENCY PACIFIC MANAGEMENT,442,27,4,3.7,3.9,3.7,N,NA,N,N,N,Resident,Yes,2,NA,2,NA,5,NA,4,NA,5,NA,1,NA,NA,NA,2.47257,1.11919,0.48524,1.60443,4.077,3.56702,0.35765,0.07782,NA,26,NA,26,1,NA,1.67544,1.20389,2.80741,1.03572,0.81782,4.66096,4.13489,2.03948,0.92315,0.40025,3.36288,2.94223,2025-09-15,16,10,6,96,1,0,96,2024-08-16,24,19,5,152,1,0,152,110,NA,1,7443,1,2,"516 23RD AVE SE,PUYALLUP,WA,98372",47.1698,-122.29,NA,2026-06-01
505216,SOUNDVIEW REHABILITATION AND HEALTH CARE INC,1105 27TH STREET,ANACORTES,WA,98221,3602933174,280,Skagit,Y,For profit - Corporation,44,34.7,NA,Medicare and Medicaid,N,SOUNDVIEW REHABILITATION AND HEALTH CARE INC,1978-12-27,HYATT FAMILY FACILITIES,276,5,2.6,2.4,3.4,3.8,N,NA,Y,N,N,Resident,Yes,2,NA,2,NA,3,NA,4,NA,3,NA,4,NA,NA,NA,2.6789,0.83411,0.84688,1.68099,4.35989,3.6794,0.34083,0.21299,49,NA,72.7,NA,1,NA,1.39521,1.00254,2.33786,0.86249,0.68104,3.88139,3.44331,2.65347,0.82619,0.83884,4.31851,3.64448,2026-03-30,26,23,3,148,1,0,148,2025-05-14,29,11,18,200,1,0,200,161,NA,0,0,0,0,"1105 27TH STREET,ANACORTES,WA,98221",48.5005,-122.61,NA,2026-06-01
505217,AVAMERE REHABILITATION AT RIDGEMONT,2051 POTTERY AVENUE,PORT ORCHARD,WA,98366,3608764461,170,Kitsap,Y,For profit - Limited Liability company,96,74.8,NA,Medicare and Medicaid,N,PO SNF OPERATIONS LLC,1972-04-07,AVAMERE,58,29,3.1,2.7,4.1,3.7,Y,NA,N,N,N,Resident,Yes,4,NA,4,NA,4,NA,4,NA,4,NA,3,NA,NA,NA,2.5279,1.10951,0.6281,1.73762,4.26552,3.83043,0.4821,0.0654,49,NA,53.8,NA,0,NA,1.67216,1.20154,2.80192,1.0337,0.81622,4.65184,4.1268,2.0892,0.91697,0.5191,3.52527,3.1657,2025-09-12,6,5,1,32,1,0,32,2024-08-27,15,10,5,108,1,0,108,51,0,0,0,0,0,"2051 POTTERY AVENUE,PORT ORCHARD,WA,98366",47.5172,-122.65,NA,2026-06-01
505226,SUNNYSIDE HEALTHCARE CENTER,721 OTIS AVENUE,SUNNYSIDE,WA,98944,5098372122,380,Yakima,Y,For profit - Corporation,80,74.4,NA,Medicare and Medicaid,N,SUNNYSIDE SNF HEALTHCARE LLC,1974-06-01,PACS GROUP,690,280,3,2.5,2.4,4.3,N,NA,N,N,N,Resident,Yes,3,NA,3,NA,3,NA,4,NA,3,NA,4,NA,NA,NA,2.58456,0.78289,0.53255,1.31544,3.9,3.44833,0.45676,0.1408,20.3,NA,30,NA,0,NA,1.4043,1.00907,2.35309,0.86811,0.68548,3.90667,3.46574,2.54346,0.77044,0.52408,3.83798,3.39349,2025-12-12,15,11,4,80,1,0,80,2024-11-22,16,8,8,144,1,0,144,96,1,3,92827,0,3,"721 OTIS AVENUE,SUNNYSIDE,WA,98944",46.3129,-120.01,NA,2026-06-01
505230,FIR LANE CARE,2430 NORTH 13TH STREET,SHELTON,WA,98584,3604261651,220,Mason,N,For profit - Limited Liability company,135,85.2,NA,Medicare and Medicaid,N,FIR LANE CARE LLC,1980-01-01,CALDERA CARE,97,7,2.9,2.6,3,4.1,N,NA,N,N,N,Resident,Yes,1,NA,1,NA,3,NA,5,NA,1,NA,3,NA,NA,NA,2.82455,0.88415,0.61524,1.49939,4.32393,3.90343,0.28407,0.03768,65.5,NA,40,NA,2,NA,1.28825,0.92567,2.15862,0.79637,0.62883,3.58382,3.17932,3.03004,0.94847,0.66,4.63851,4.18742,2025-06-09,30,20,11,152,1,0,152,2024-05-10,34,17,17,291,1,0,291,186.75,NA,2,121488,0,2,"2430 NORTH 13TH STREET,SHELTON,WA,98584",47.2302,-123.11,NA,2026-06-01
505232,WOODLAND CONVALESCENT CENTER,310 FOURTH STREET,WOODLAND,WA,98674,3602259443,070,Cowlitz,Y,For profit - Corporation,62,44.4,NA,Medicare and Medicaid,N,WOODLAND ENTERPRISES INC,1975-01-01,NA,NA,NA,NA,NA,NA,NA,N,NA,N,N,N,Resident,Yes,3,NA,3,NA,4,NA,5,NA,1,NA,2,NA,NA,NA,2.39182,0.74168,0.75312,1.4948,3.88662,3.19615,0.43448,0.01319,NA,26,NA,26,NA,26,1.30088,0.93475,2.17979,0.80418,0.63499,3.61896,3.2105,2.54092,0.78792,0.80007,4.1289,3.39538,2025-06-20,8,7,1,60,1,0,60,2024-05-03,9,7,4,135,1,0,135,78.75,0,1,17778,1,2,"310 FOURTH STREET,WOODLAND,WA,98674",45.8997,-122.75,NA,2026-06-01
505236,Edmonds Post Acute,21400 72ND AVENUE WEST,EDMONDS,WA,98026,4257751961,300,Snohomish,Y,For profit - Limited Liability company,128,94.4,NA,Medicare and Medicaid,N,"SALT CREEK BEACH, LLC",1977-08-01,KALESTA HEALTHCARE GROUP,297,17,2.4,1.9,3.1,4.1,N,NA,N,N,N,Resident,Yes,2,NA,2,NA,3,NA,4,NA,3,NA,4,NA,NA,NA,2.29475,0.87309,0.88477,1.75786,4.05261,3.40596,0.75372,0.04466,55.6,NA,80,NA,0,NA,1.34497,0.96644,2.25367,0.83144,0.65651,3.74162,3.31932,2.35788,0.8971,0.90911,4.16409,3.49966,2026-03-04,32,26,8,160,1,0,160,2024-11-26,43,30,13,212,1,0,212,173,0,0,0,0,0,"21400 72ND AVENUE WEST,EDMONDS,WA,98026",47.8049,-122.33,NA,2026-06-01
505239,PARK ROSE CARE CENTER,3919 SOUTH 19TH STREET,TACOMA,WA,98405,2537525677,260,Pierce,Y,For profit - Corporation,139,99.7,NA,Medicare and Medicaid,N,"BD TACOMA I, LLC",1976-04-30,REGENCY PACIFIC MANAGEMENT,442,27,4,3.7,3.9,3.7,N,NA,N,N,N,Resident,Yes,1,NA,2,NA,3,NA,4,NA,1,NA,1,NA,NA,NA,3.06647,1.13127,0.90444,2.03571,5.10219,4.33187,0.70957,0.01342,57.7,NA,66.7,NA,1,NA,2.19385,1.57639,3.67606,1.35619,1.07087,6.10313,5.41429,1.93167,0.71262,0.56974,3.21403,2.72878,2025-07-02,18,18,0,104,1,0,104,2024-09-18,37,17,26,236,1,0,236,137,NA,3,256703,0,3,"3919 SOUTH 19TH STREET,TACOMA,WA,98405",47.2428,-122.49,NA,2026-06-01
505240,Port Washington Post Acute,140 SOUTH MARION AVENUE,BREMERTON,WA,98312,3604794747,170,Kitsap,Y,For profit - Limited Liability company,98,93.6,NA,Medicare and Medicaid,N,"MALIBU BEACH, LLC",1976-05-14,KALESTA HEALTHCARE GROUP,297,17,2.4,1.9,3.1,4.1,N,NA,N,N,N,Resident,Yes,1,NA,1,NA,4,NA,3,NA,5,NA,3,NA,NA,NA,2.60219,0.94168,0.41294,1.35462,3.95681,3.50146,0.18473,0.00129,55.7,NA,75,NA,1,NA,1.22752,0.88204,2.05686,0.75883,0.59918,3.41488,3.02945,2.92961,1.06017,0.46489,4.45468,3.94203,2025-07-29,41,29,13,316,1,0,316,2024-06-18,50,25,27,334,1,0,334,320.5,NA,2,111664,0,2,"140 SOUTH MARION AVENUE,BREMERTON,WA,98312",47.5631,-122.66,NA,2026-06-01
505243,OLYMPIA TRANSITIONAL CARE AND REHABILITATION,430 LILLY ROAD NORTHEAST,OLYMPIA,WA,98506,3604919700,330,Thurston,Y,For profit - Limited Liability company,113,80.6,NA,Medicare and Medicaid,N,WOODARD CREEK HEALTHCARE LLC,1976-07-07,THE ENSIGN GROUP,507,342,3.2,2.9,2.4,4.4,N,NA,N,N,N,Resident,Yes,4,NA,3,NA,5,NA,4,NA,5,NA,4,NA,NA,NA,2.63566,0.99564,0.58654,1.58218,4.21784,3.72339,0.41506,0.11654,39.4,NA,37.5,NA,0,NA,1.43613,1.03193,2.40641,0.88778,0.70101,3.9952,3.54428,2.53627,0.95809,0.56443,4.05879,3.58299,2025-04-01,12,10,2,64,1,0,64,2024-01-26,17,12,5,108,1,0,108,75,0,0,0,0,0,"430 LILLY ROAD NORTHEAST,OLYMPIA,WA,98506",47.053,-122.84,NA,2026-06-01
505246,Three Creeks Post Acute,NORTHWEST 1310 DEANE,PULLMAN,WA,99163,5093321566,370,Whitman,N,For profit - Limited Liability company,48,NA,10,Medicare and Medicaid,N,"WESTWARDS BEACH, LLC",1979-09-01,KALESTA HEALTHCARE GROUP,297,17,2.4,1.9,3.1,4.1,N,NA,N,N,N,Both,Yes,1,NA,1,NA,2,NA,2,NA,3,NA,NA,2,25,6,NA,NA,NA,NA,NA,NA,NA,NA,63.2,NA,25,NA,NA,26,NA,NA,NA,NA,NA,NA,NA,NA,NA,NA,NA,NA,2026-03-03,20,14,7,246,1,0,246,2024-11-17,21,7,14,128,1,0,128,216.5,2,2,50512,1,3,"NORTHWEST 1310 DEANE,PULLMAN,WA,99163",46.7655,-117.19,22,2026-06-01
505251,Colfax Health and Rehabilitation of Cascadia,1150 WEST FAIRVIEW ROAD,COLFAX,WA,99111,5093974603,370,Whitman,N,For profit - Limited Liability company,55,45.3,NA,Medicare and Medicaid,N,COLFAX OF CASCADIA LLC,1977-12-15,CASCADIA HEALTHCARE,118,44,3.2,2.9,2.8,4,N,NA,N,N,N,Resident,Yes,1,NA,1,NA,4,NA,3,NA,4,NA,3,NA,NA,NA,2.36593,0.53432,0.80387,1.33819,3.70412,3.36441,0.63371,0.03562,75,NA,75,NA,0,NA,1.38624,0.99609,2.32282,0.85695,0.67666,3.85643,3.42117,2.35865,0.53267,0.80139,3.69272,3.35405,2025-06-14,27,22,27,220,1,0,220,2024-07-22,34,22,15,407,1,0,407,266.75,2,2,67484,0,2,"1150 WEST FAIRVIEW ROAD,COLFAX,WA,99111",46.87,-117.37,NA,2026-06-01
505252,AVAMERE REHABILITATION OF BURIEN,1031 SOUTHWEST 130TH STREET,BURIEN,WA,98146,2062423213,160,King,Y,For profit - Limited Liability company,140,83.5,NA,Medicare and Medicaid,N,BURIEN OPERATIONS LLC,1983-02-01,AVAMERE,58,29,3.1,2.7,4.1,3.7,N,NA,N,N,N,Resident,Yes,2,NA,2,NA,3,NA,4,NA,3,NA,4,NA,NA,NA,2.47738,0.83398,0.77673,1.61071,4.08809,3.6039,0.79151,0.03666,24.4,NA,15.4,NA,1,NA,1.46738,1.05439,2.45878,0.90711,0.71626,4.08215,3.62141,2.33318,0.78544,0.73152,3.85014,3.39413,2025-05-19,13,13,0,56,1,0,56,2024-02-28,35,31,6,292,1,0,292,115,0,1,59485,0,1,"1031 SOUTHWEST 130TH STREET,BURIEN,WA,98146",47.4866,-122.35,NA,2026-06-01
505254,Crystal Cove Post Acute,1505 CARPENTER ROAD SE,LACEY,WA,98503,3604911765,330,Thurston,Y,For profit - Limited Liability company,96,90.4,NA,Medicare and Medicaid,N,LOWERS HOLDINGS LLC,1980-04-01,NA,NA,NA,NA,NA,NA,NA,N,SFF,N,N,N,Resident,Yes,NA,18,NA,18,NA,18,NA,18,NA,18,NA,18,NA,NA,2.05624,0.7611,0.57112,1.33222,3.38846,2.9766,0.3674,0.01117,69.3,NA,85.7,NA,NA,26,1.25694,0.90317,2.10615,0.77701,0.61354,3.49671,3.10205,2.26079,0.83681,0.62794,3.72554,3.27271,2026-01-13,40,28,14,232,1,0,232,2025-02-06,62,45,17,602,1,0,602,324.5,NA,3,221750,2,5,"1505 CARPENTER ROAD SE,LACEY,WA,98503",47.0331,-122.79,NA,2026-06-01
505255,Othello Post Acute,495 NORTH THIRTEENTH STREET,OTHELLO,WA,99344,5094889609,000,Adams,N,For profit - Limited Liability company,39,35.2,NA,Medicare and Medicaid,N,"DOHENY BEACH, LLC",1980-12-01,KALESTA HEALTHCARE GROUP,297,17,2.4,1.9,3.1,4.1,N,NA,N,N,N,Resident,Yes,3,NA,3,NA,3,NA,5,NA,1,NA,4,NA,NA,NA,2.96215,0.37657,0.94515,1.32171,4.28386,3.93108,0.63462,0.04024,61,NA,40,NA,2,NA,1.42205,1.02182,2.38283,0.87908,0.69414,3.95605,3.50955,2.87867,0.36595,0.91851,4.16313,3.82028,2026-01-10,6,5,1,48,1,0,48,2024-10-11,23,16,7,172,1,0,172,79,0,2,19182,0,2,"495 NORTH THIRTEENTH STREET,OTHELLO,WA,99344",46.8311,-119.16,NA,2026-06-01
505257,ALDERWOOD MANOR,3600 EAST HARTSON AVENUE,SPOKANE,WA,99202,5095352071,310,Spokane,Y,For profit - Partnership,85,62,NA,Medicare and Medicaid,N,CONSOLIDATED RESOURCES HEALTH CARE FUND I LP,1981-09-01,LIFE CARE CENTERS OF AMERICA,311,194,3.5,2.9,3.3,4.5,N,NA,N,N,N,Resident,Yes,3,NA,2,NA,5,NA,5,NA,5,NA,3,NA,NA,NA,2.17045,0.77497,1.01982,1.79479,3.96524,3.17934,0.58501,0.0882,51.6,NA,68.8,NA,0,NA,1.54529,1.11037,2.58932,0.95527,0.75429,4.29888,3.81368,1.94106,0.69307,0.91204,3.54617,2.84333,2026-02-13,13,12,1,84,1,0,84,2024-10-30,34,22,12,220,1,0,220,118,NA,0,0,0,0,"3600 EAST HARTSON AVENUE,SPOKANE,WA,99202",47.65,-117.36,NA,2026-06-01
505260,HUDSON BAY HEALTH AND REHABILITATION,8507 NORTHEAST 8TH WAY,VANCOUVER,WA,98664,3602545335,050,Clark,Y,For profit - Corporation,92,78.3,NA,Medicare and Medicaid,N,"FORT VANCOUVER OF CASCADIA, LLC",1981-10-16,CASCADIA HEALTHCARE,118,44,3.2,2.9,2.8,4,N,NA,N,N,N,Resident,Yes,5,NA,5,NA,5,NA,5,NA,5,NA,3,NA,NA,NA,2.04524,0.71616,1.02369,1.73986,3.7851,3.29727,0.87564,0.05805,58.5,NA,55.6,NA,0,NA,1.53143,1.10041,2.5661,0.9467,0.74753,4.26032,3.77948,1.84564,0.64627,0.92379,3.4157,2.97548,2026-03-19,6,6,0,28,1,0,28,2025-04-24,8,5,3,40,1,0,40,31,NA,0,0,0,0,"8507 NORTHEAST 8TH WAY,VANCOUVER,WA,98664",45.6268,-122.59,NA,2026-06-01
505261,LAKE RIDGE CENTER,817 EAST PLUM STREET,MOSES LAKE,WA,98837,5097657835,120,Grant,N,For profit - Limited Liability company,74,62.2,NA,Medicare and Medicaid,N,SUNBRIDGE HEALTHCARE LLC,1982-01-01,GENESIS HEALTHCARE,237,187,2.4,2.3,2.5,3.6,N,NA,Y,N,N,Resident,Yes,2,NA,2,NA,2,NA,3,NA,1,NA,3,NA,NA,NA,2.72646,0.50728,0.52974,1.03703,3.76348,3.49736,0.26191,0.00966,60.5,NA,58.3,NA,0,NA,1.19463,0.8584,2.00174,0.73849,0.58313,3.32336,2.94827,3.15403,0.58684,0.61282,4.35369,4.04584,2025-05-09,15,11,6,136,1,0,136,2024-06-17,19,15,5,100,1,0,100,127,NA,2,108087,0,2,"817 EAST PLUM STREET,MOSES LAKE,WA,98837",47.1284,-119.26,NA,2026-06-01
505262,SHORELINE HEALTH AND REHABILITATION,2818 NORTHEAST 145TH STREET,SEATTLE,WA,98155,2064182900,160,King,Y,For profit - Corporation,114,84.3,NA,Medicare and Medicaid,N,"LAKE WASHINGTON HEALTHCARE, INC.",1982-04-01,THE ENSIGN GROUP,507,342,3.2,2.9,2.4,4.4,N,NA,N,N,N,Resident,Yes,5,NA,4,NA,5,NA,5,NA,5,NA,3,NA,NA,NA,2.31834,0.80204,0.71293,1.51497,3.83331,3.2553,0.41062,0.11827,29,NA,50,NA,0,NA,1.51992,1.0921400000000001,2.54681,0.93958,0.74191,4.2283,3.75107,2.10794,0.72925,0.64823,3.48541,2.95986,2026-03-24,13,13,0,64,1,0,64,2024-12-19,14,13,1,72,1,0,72,66,NA,0,0,0,0,"2818 NORTHEAST 145TH STREET,SEATTLE,WA,98155",47.7338,-122.3,NA,2026-06-01
505263,MOUNTAIN VIEW POST ACUTE,1050 E MOUNTAIN VIEW,ELLENSBURG,WA,98926,5099254171,180,Kittitas,N,For profit - Corporation,74,64.6,NA,Medicare and Medicaid,N,MOUNTAIN VIEW SNF HEALTHCARE LLC,1981-12-21,PACS GROUP,690,280,3,2.5,2.4,4.3,N,NA,N,N,N,Resident,Yes,2,NA,2,NA,5,NA,5,NA,4,NA,1,NA,NA,NA,2.20288,0.63019,0.81455,1.44474,3.64762,3.19124,0.641,0.14652,62,NA,71.4,NA,0,NA,1.72884,1.24226,2.89689,1.06873,0.84389,4.80951,4.26668,1.7609,0.50375,0.65113,2.91578,2.55096,2026-02-23,20,17,3,144,1,0,144,2025-01-14,39,25,14,260,1,0,260,173,2,5,247105,0,5,"1050 E MOUNTAIN VIEW,ELLENSBURG,WA,98926",46.9846,-120.53,NA,2026-06-01
505264,AVAMERE AT PACIFIC RIDGE,3625 EAST B STREET,TACOMA,WA,98404,2534752507,260,Pierce,Y,For profit - Limited Liability company,102,61.1,NA,Medicare and Medicaid,N,"TACOMA REHAB, LLC",1982-04-01,AVAMERE,58,29,3.1,2.7,4.1,3.7,N,NA,N,N,N,Both,Yes,2,NA,2,NA,2,NA,3,NA,2,NA,4,NA,NA,NA,4.12113,1.13684,0.80838,1.94522,6.06635,5.41598,0.44962,0.03477,40.2,NA,66.7,NA,2,NA,1.27577,0.91671,2.1377100000000002,0.78865,0.62273,3.5491,3.14852,4.4642,1.23148,0.87568,6.57136,5.86685,2026-04-24,23,21,2,140,0,0,140,2025-03-27,33,27,6,256,1,0,256,169,NA,3,57783,0,3,"3625 EAST B STREET,TACOMA,WA,98404",47.226,-122.43,NA,2026-06-01
505265,EMERALD CARE,209 NORTH AHTANUM AVENUE,WAPATO,WA,98951,5098773175,380,Yakima,Y,Non profit - Corporation,82,78.3,NA,Medicare and Medicaid,N,EMERALD CARE,1982-06-01,NA,NA,NA,NA,NA,NA,NA,N,NA,N,N,N,Resident,Yes,4,NA,3,NA,5,NA,5,NA,NA,2,3,NA,NA,NA,2.43136,0.58124,0.71651,1.29775,3.72911,2.98819,0.61633,0.01864,40.8,NA,46.2,NA,1,NA,1.50624,1.08231,2.52389,0.93113,0.73523,4.19025,3.71731,2.23077,0.53329,0.6574,3.42145,2.74167,2026-01-30,14,13,4,116,1,0,116,2025-02-04,6,5,1,40,1,0,40,97,0,0,0,0,0,"209 NORTH AHTANUM AVENUE,WAPATO,WA,98951",46.448,-120.43,NA,2026-06-01
505269,VANCOUVER SPECIALTY AND REHAB CARE,1015 NORTH GARRISON ROAD,VANCOUVER,WA,98664,3606947501,050,Clark,Y,For profit - Individual,104,84.3,NA,Medicare and Medicaid,N,1015 NORTH GARRISON LLC,1982-07-01,NA,NA,NA,NA,NA,NA,NA,N,NA,N,N,N,Resident,Yes,4,NA,4,NA,3,NA,5,NA,1,NA,3,NA,NA,NA,2.70731,1.18328,0.87655,2.05983,4.76714,4.46243,0.84365,0.10914,47.6,NA,28.6,NA,0,NA,2.10631,1.51349,3.52938,1.30208,1.02814,5.85959,5.19824,1.7763,0.77636,0.57511,3.12778,2.92785,2026-02-24,11,10,1,64,1,0,64,2025-01-09,13,9,7,76,1,0,76,67,NA,1,19841,0,1,"1015 NORTH GARRISON ROAD,VANCOUVER,WA,98664",45.6286,-122.59,NA,2026-06-01
505270,AVAMERE REHABILITATION AT PARK WEST,1703 CALIFORNIA AVENUE SOUTHWEST,SEATTLE,WA,98116,2069379750,160,King,Y,For profit - Limited Liability company,137,93.3,NA,Medicare and Medicaid,N,SW SEATTLE OPERATIONS LLC,1982-11-01,AVAMERE,58,29,3.1,2.7,4.1,3.7,N,NA,N,N,N,Resident,Yes,2,NA,2,NA,4,NA,4,NA,4,NA,3,NA,NA,NA,2.5621,1.04274,0.60726,1.65,4.2121,3.73916,0.41935,0.06758,52.4,NA,55.6,NA,2,NA,1.2857,0.92384,2.15435,0.79479,0.62758,3.57672,3.17303,2.75395,1.12083,0.65273,4.52751,4.01916,2025-07-29,21,20,1,108,1,0,108,2024-04-22,29,22,7,292,1,0,292,154,3,1,29820,1,2,"1703 CALIFORNIA AVENUE SOUTHWEST,SEATTLE,WA,98116",47.588,-122.39,NA,2026-06-01
505272,LIFE CARE CENTER OF MOUNT VERNON,2120 EAST DIVISION STREET,MOUNT VERNON,WA,98273,3604244258,280,Skagit,Y,For profit - Corporation,121,70.6,NA,Medicare and Medicaid,N,"MT. VERNON OPERATIONS, LLC",1982-12-01,LIFE CARE CENTERS OF AMERICA,311,194,3.5,2.9,3.3,4.5,N,NA,Y,N,N,None,Yes,1,NA,1,NA,4,NA,4,NA,4,NA,3,NA,NA,NA,2.3345,0.91756,0.81165,1.72921,4.06371,3.46664,0.62034,0.1184,59.3,NA,73.9,NA,2,NA,1.31854,0.94744,2.20937,0.81509,0.64361,3.66807,3.25407,2.44682,0.9617,0.8507,4.25923,3.63343,2025-04-09,39,27,15,260,1,0,260,2024-05-01,37,21,17,323,1,0,323,275.75,NA,4,254316,0,4,"2120 EAST DIVISION STREET,MOUNT VERNON,WA,98273",48.4217,-122.35,NA,2026-06-01
505273,LACAMAS CREEK POST ACUTE,740 NE DALLAS STREET,CAMAS,WA,98607,3608345055,050,Clark,Y,For profit - Limited Liability company,83,73.8,NA,Medicare and Medicaid,N,LACAMAS CREEK SNF HEALTHCARE LLC,1983-04-01,PACS GROUP,690,280,3,2.5,2.4,4.3,N,NA,N,N,N,Resident,Yes,5,NA,5,NA,4,NA,3,NA,4,NA,4,NA,NA,NA,2.83168,1.11796,0.59439,1.71235,4.54403,4.03798,0.36997,0.07162,48.8,NA,33.3,NA,0,NA,1.33481,0.95913,2.23665,0.82515,0.65156,3.71336,3.29424,2.93173,1.15746,0.61539,4.70458,4.18065,2025-07-25,7,3,4,28,1,0,28,2024-09-27,9,6,3,44,1,0,44,32,0,0,0,0,0,"740 NE DALLAS STREET,CAMAS,WA,98607",45.5888,-122.41,NA,2026-06-01
505275,Colville Health and Rehabilitation of Cascadia,1000 EAST ELEP STREET,COLVILLE,WA,99114,5096842573,320,Stevens,Y,For profit - Corporation,92,56.4,NA,Medicare and Medicaid,N,COLVILLE OF CASCADIA LLC,1983-09-01,CASCADIA HEALTHCARE,118,44,3.2,2.9,2.8,4,N,SFF Candidate,Y,N,N,Resident,Yes,1,NA,1,NA,2,NA,4,NA,1,NA,2,NA,NA,NA,2.1878,0.80622,0.61565,1.42187,3.60967,2.89436,0.40738,0.05692,67.4,NA,69.2,NA,1,NA,1.27816,0.91843,2.14172,0.79014,0.6239,3.55576,3.15444,2.36549,0.8717,0.66565,3.90284,3.1294400000000002,2025-05-23,31,30,28,611,1,0,611,2024-05-16,18,11,8,108,1,0,108,485.25,NA,2,68351,0,2,"1000 EAST ELEP STREET,COLVILLE,WA,99114",48.54,-117.89,NA,2026-06-01
505276,Frontier Rehabilitation and Extended Care,1500 3RD AVENUE,LONGVIEW,WA,98632,3604238800,070,Cowlitz,Y,For profit - Corporation,140,96.1,NA,Medicare and Medicaid,N,FRONTIER SNF OPERATIONS LLC,1983-07-01,EVERGREEN HEALTHCARE GROUP,846,43,2.4,2.3,3.3,3,N,NA,N,N,N,Resident,Yes,4,NA,4,NA,3,NA,4,NA,2,NA,4,NA,NA,NA,2.70481,0.99411,0.44433,1.43845,4.14326,3.74056,0.31072,0,35,NA,22.2,NA,0,NA,1.27493,0.9161,2.1363,0.78813,0.62232,3.54676,3.14645,2.93191,1.07758,0.48164,4.49114,4.05463,2025-02-07,13,13,3,56,1,0,56,2024-04-19,2,2,0,4,1,0,4,43,0,0,0,0,0,"1500 3RD AVENUE,LONGVIEW,WA,98632",46.137,-122.92,NA,2026-06-01
505280,RENTON HEALTH & REHABILITATION,80 SOUTHWEST SECOND STREET,RENTON,WA,98057,4252264610,160,King,Y,For profit - Limited Liability company,99,74.5,NA,Medicare and Medicaid,N,SOUTHWEST 2ND STREET HEALTHCARE LLC,1984-04-01,VERTICAL HEALTH SERVICES,636,16,1.9,2.3,1.6,3.5,N,NA,N,N,N,Resident,Yes,2,NA,2,NA,3,NA,3,NA,3,NA,4,NA,NA,NA,2.6808,0.66772,1.11315,1.78087,4.46167,3.61783,0.70866,0.06074,42.7,NA,38.9,NA,0,NA,1.45292,1.044,2.43455,0.89817,0.70921,4.04193,3.58573,2.54989,0.63511,1.05879,4.24379,3.44116,2026-01-13,11,11,0,48,1,0,48,2024-09-16,29,18,11,410,1,0,410,138.5,NA,2,256725,0,2,"80 SOUTHWEST SECOND STREET,RENTON,WA,98057",47.4822,-122.22,NA,2026-06-01
505283,CLARKSTON HEALTH AND REHAB OF CASCADIA,1242 ELEVENTH STREET,CLARKSTON,WA,99403,5097582523,010,Asotin,Y,For profit - Limited Liability company,90,79.2,NA,Medicare and Medicaid,N,"CLARKSTON OF CASCADIA, LLC",1984-01-01,CASCADIA HEALTHCARE,118,44,3.2,2.9,2.8,4,N,NA,N,N,N,Resident,Yes,3,NA,2,NA,5,NA,5,NA,5,NA,3,NA,NA,NA,2.04296,0.3969,1.10423,1.50113,3.54408,3.04567,0.96733,0.13367,31.3,NA,32.1,NA,0,NA,1.57823,1.13404,2.64453,0.97563,0.77037,4.39053,3.89499,1.78891,0.34754,0.96691,3.10336,2.66693,2025-08-18,16,16,0,120,1,0,120,2024-01-26,26,16,11,160,1,0,160,130,NA,1,32711,0,1,"1242 ELEVENTH STREET,CLARKSTON,WA,99403",46.4063,-117.05,NA,2026-06-01
505289,BIRCH CREEK POST ACUTE & REHABILITATION,5601 S ORCHARD STREET,TACOMA,WA,98409,2534748421,260,Pierce,Y,For profit - Limited Liability company,124,110,NA,Medicare and Medicaid,N,TACOMA SNF OPERATIONS LLC,1984-07-01,HILL VALLEY HEALTHCARE,270,44,1.9,1.8,1.8,3.9,N,NA,N,N,N,Resident,Yes,2,NA,2,NA,4,NA,5,NA,2,NA,3,NA,NA,NA,2.13925,0.87346,0.67592,1.54938,3.68863,3.26517,0.51496,0.04753,49.6,NA,50,NA,0,NA,1.39003,0.99881,2.32917,0.85929,0.67851,3.86697,3.43052,2.12684,0.86839,0.672,3.66724,3.24623,2026-03-13,26,19,7,164,1,0,164,2025-03-14,32,24,8,196,1,0,196,172,NA,0,0,0,0,"5601 S ORCHARD STREET,TACOMA,WA,98409",47.2065,-122.5,NA,2026-06-01
505290,BELMONT TERRACE,560 LEBO BOULEVARD,BREMERTON,WA,98310,3604791515,170,Kitsap,Y,For profit - Corporation,102,68.6,NA,Medicare and Medicaid,N,OLYMPIC MARMOT HEALTHCARE LLC,1984-12-19,THE ENSIGN GROUP,507,342,3.2,2.9,2.4,4.4,N,NA,N,N,N,Resident,Yes,3,NA,2,NA,5,NA,5,NA,5,NA,4,NA,NA,NA,2.18633,0.74859,0.9989,1.7475,3.93382,3.2853,0.73581,0.06608,35.7,NA,36.8,NA,2,NA,1.35859,0.97622,2.27649,0.83985,0.66316,3.7795,3.35292,2.22396,0.76148,1.01609,4.00153,3.34185,2026-03-02,17,16,1,104,1,0,104,2024-11-14,47,32,22,276,1,0,276,147,NA,0,0,0,0,"560 LEBO BOULEVARD,BREMERTON,WA,98310",47.5827,-122.63,NA,2026-06-01
505294,BEACON HILL REHABILITATION,128 BEACON HILL DRIVE,LONGVIEW,WA,98632,3604234060,070,Cowlitz,Y,For profit - Corporation,67,54.5,NA,Medicare and Medicaid,N,"BEACON HILL HEALTHCARE, INC.",1985-06-20,THE ENSIGN GROUP,507,342,3.2,2.9,2.4,4.4,N,NA,N,N,N,Resident,Yes,5,NA,5,NA,5,NA,5,NA,5,NA,4,NA,NA,NA,2.35088,0.89385,0.90228,1.79612,4.147,3.43392,0.58134,0.14152,43.7,NA,25,NA,0,NA,1.47277,1.05827,2.46782,0.91044,0.7189,4.09715,3.63472,2.20594,0.83874,0.84665,3.89132,3.22221,2025-03-07,5,5,1,36,1,0,36,2024-01-25,0,0,0,0,0,0,0,27,0,1,25350,0,1,"128 BEACON HILL DRIVE,LONGVIEW,WA,98632",46.173,-122.92,NA,2026-06-01
505296,Avalon Healthcare Bellingham,3121 SQUALICUM PARKWAY,BELLINGHAM,WA,98225,3607346760,360,Whatcom,Y,For profit - Corporation,105,64.6,NA,Medicare and Medicaid,N,AVALON CARE CENTER-BELLINGHAM LLC,1986-03-01,AVALON HEALTH CARE,57,16,3.4,2.8,3.9,4.2,N,NA,N,N,N,Resident,Yes,5,NA,4,NA,5,NA,4,NA,5,NA,4,NA,NA,NA,2.5369,0.71284,1.23272,1.94556,4.48246,3.94725,0.96831,0.0986,52.4,NA,46.7,NA,0,NA,1.58563,1.13936,2.65692,0.98021,0.77399,4.41111,3.91325,2.21106,0.62128,1.07439,3.90673,3.44026,2025-12-05,10,10,0,44,1,0,44,2024-12-06,15,6,9,100,1,0,100,58,NA,1,32298,0,1,"3121 SQUALICUM PARKWAY,BELLINGHAM,WA,98225",48.7722,-122.47,NA,2026-06-01
505299,PUGET SOUND CARE,4001 CAPITOL MALL DR SOUTHWEST,OLYMPIA,WA,98502,3607549792,330,Thurston,Y,For profit - Limited Liability company,108,93.3,NA,Medicare and Medicaid,N,"PUGET SOUND HEALTHCARE-OLYMPIA, LLC",1985-09-27,CALDERA CARE,97,7,2.9,2.6,3,4.1,N,NA,N,N,N,Resident,Yes,4,NA,4,NA,4,NA,4,NA,4,NA,3,NA,NA,NA,2.66682,0.74919,0.56155,1.31074,3.97756,3.46057,0.29997,0.06968,53.4,NA,45.5,NA,2,NA,1.34324,0.96519,2.25077,0.83037,0.65567,3.73681,3.31505,2.74371,0.77079,0.57774,4.09225,3.56035,2026-01-23,9,8,1,52,1,0,52,2024-11-07,5,4,1,48,1,0,48,51,0,1,8018,0,1,"4001 CAPITOL MALL DR SOUTHWEST,OLYMPIA,WA,98502",47.0418,-122.95,NA,2026-06-01
505303,REGENCY OMAK,901 SHUMWAY RD,OMAK,WA,98841,5098467700,230,Okanogan,N,For profit - Corporation,56,44.5,NA,Medicare and Medicaid,N,REGENCY OMAK LLC,1986-03-28,REGENCY PACIFIC MANAGEMENT,442,27,4,3.7,3.9,3.7,N,NA,N,N,N,Resident,Yes,5,NA,5,NA,4,NA,4,NA,5,NA,5,NA,NA,NA,2.47962,0.3813,0.83665,1.21795,3.69757,3.09269,0.52773,0.0513,39.6,NA,25,NA,0,NA,1.22469,0.88001,2.05213,0.75708,0.5978,3.40701,3.02247,2.79806,0.43027,0.94409,4.17242,3.48986,2026-01-24,2,2,0,20,1,0,20,2024-10-11,12,7,5,48,1,0,48,27,NA,0,0,0,0,"901 SHUMWAY RD,OMAK,WA,98841",48.424,-119.51,NA,2026-06-01
505304,RAINIER REHABILITATION,920 12TH AVENUE SOUTHEAST,PUYALLUP,WA,98372,2538413422,260,Pierce,Y,For profit - Corporation,117,109.9,NA,Medicare and Medicaid,N,WILDWOOD HEALTHCARE INC.,1986-08-11,THE ENSIGN GROUP,507,342,3.2,2.9,2.4,4.4,N,NA,N,N,N,Both,Yes,5,NA,5,NA,5,NA,5,NA,5,NA,3,NA,NA,NA,3.2439,0.82308,1.18444,2.00753,5.25142,4.43488,1.1674,0.04625,20.5,NA,11.1,NA,0,NA,2.49218,1.79076,4.17596,1.54061,1.21649,6.93306,6.15056,1.79882,0.45642,0.6568,2.91204,2.45925,2025-08-12,5,5,0,16,1,0,16,2024-07-11,0,0,0,0,0,0,0,12,NA,0,0,0,0,"920 12TH AVENUE SOUTHEAST,PUYALLUP,WA,98372",47.1809,-122.28,NA,2026-06-01
505306,LIFE CARE CENTER OF PORT TOWNSEND,751 KEARNEY STREET,PORT TOWNSEND,WA,98368,3603853555,150,Jefferson,N,For profit - Limited Liability company,94,41.6,NA,Medicare and Medicaid,N,CASCADE MEDICAL INVESTORS LIMITED PARTNERSHIP,1986-11-06,LIFE CARE CENTERS OF AMERICA,311,194,3.5,2.9,3.3,4.5,N,NA,N,N,N,Resident,Yes,5,NA,4,NA,5,NA,5,NA,5,NA,4,NA,NA,NA,2.38867,0.44318,1.06549,1.50867,3.89735,3.51684,0.94666,0.11786,54,NA,46.2,NA,0,NA,1.40301,1.00814,2.35092,0.86731,0.68484,3.90307,3.46255,2.35286,0.43653,1.04952,3.83891,3.46411,2026-03-13,6,6,0,28,1,0,28,2025-04-11,12,9,3,72,1,0,72,39,NA,1,34808,0,1,"751 KEARNEY STREET,PORT TOWNSEND,WA,98368",48.1126,-122.77,NA,2026-06-01
505309,REGENCY COUPEVILLE REHAB AND NURSING CENTER,311 NORTHEAST 3RD STREET,COUPEVILLE,WA,98239,3606782273,140,Island,N,For profit - Limited Liability company,112,74.5,NA,Medicare and Medicaid,N,REGENCY COUPEVILLE LLC,1987-01-27,REGENCY PACIFIC MANAGEMENT,442,27,4,3.7,3.9,3.7,N,NA,Y,N,N,Resident,Yes,2,NA,2,NA,3,NA,3,NA,3,NA,3,NA,NA,NA,2.33106,0.96227,0.66755,1.62983,3.96089,3.45812,0.38657,0.07365,50,NA,50,NA,0,NA,1.42583,1.02453,2.38915,0.88142,0.69598,3.96655,3.51886,2.25937,0.93268,0.64702,3.83907,3.35176,2025-07-30,19,10,9,140,1,0,140,2024-10-29,27,14,13,144,1,0,144,141,NA,3,131131,1,4,"311 NORTHEAST 3RD STREET,COUPEVILLE,WA,98239",48.2157,-122.68,NA,2026-06-01
505311,SEATTLE MEDICAL POST ACUTE CARE,555 16TH AVENUE,SEATTLE,WA,98122,2063248200,160,King,Y,For profit - Limited Liability company,103,83.9,NA,Medicare and Medicaid,N,SEATTLE SNF OPERATIONS LLC,1987-04-03,EVERGREEN HEALTHCARE GROUP,846,43,2.4,2.3,3.3,3,N,NA,Y,N,N,Resident,Yes,2,NA,1,NA,5,NA,5,NA,NA,2,3,NA,NA,NA,3.38981,1.09723,1.17332,2.27055,5.66037,5.1236,0.84982,0,49.1,NA,59.3,NA,0,NA,2.15775,1.55046,3.61558,1.33388,1.05325,6.00271,5.32521,2.17107,0.70274,0.75148,3.62529,3.28151,2025-09-11,24,17,7,172,1,0,172,2024-09-27,40,20,21,284,1,0,284,200,NA,5,60437,0,5,"555 16TH AVENUE,SEATTLE,WA,98122",47.6067,-122.31,NA,2026-06-01
505313,HALLMARK MANOR,32300 FIRST AVENUE SOUTH,FEDERAL WAY,WA,98003,2538743580,160,King,Y,For profit - Corporation,147,99,NA,Medicare and Medicaid,N,CONSOLIDATED RESOURCES HEALTH CARE FUND I LP,1987-05-28,LIFE CARE CENTERS OF AMERICA,311,194,3.5,2.9,3.3,4.5,N,NA,N,N,N,Resident,Yes,3,NA,3,NA,4,NA,5,NA,3,NA,3,NA,NA,NA,2.2867,0.73906,0.74242,1.48148,3.76818,3.30304,0.53724,0.00628,34.5,NA,50,NA,1,NA,1.46136,1.05006,2.44869,0.90338,0.71332,4.06539,3.60654,2.16248,0.69892,0.70209,3.56349,3.12362,2025-05-13,19,19,0,84,1,0,84,2024-03-06,23,18,5,164,1,0,164,104,NA,1,32175,0,1,"32300 FIRST AVENUE SOUTH,FEDERAL WAY,WA,98003",47.3122,-122.33,NA,2026-06-01
505315,MIRA VISTA CARE CENTER,300 SOUTH 18TH STREET,MOUNT VERNON,WA,98274,3604241320,280,Skagit,Y,For profit - Corporation,61,78.3,NA,Medicare and Medicaid,N,"LITTLE MOUNTAIN HEALTHCARE, INC.",1987-11-01,THE ENSIGN GROUP,507,342,3.2,2.9,2.4,4.4,N,NA,N,N,N,Resident,Yes,4,NA,3,NA,5,NA,5,NA,4,NA,4,NA,NA,NA,2.08138,0.81798,0.90117,1.71915,3.80053,3.16932,0.72499,0.06908,49.3,NA,16.7,NA,1,NA,1.3627,0.97917,2.28338,0.84239,0.66517,3.79094,3.36307,2.11081,0.82955,0.91392,3.85428,3.21414,2026-03-11,15,14,5,80,1,0,80,2025-06-06,18,5,13,84,1,0,84,81,0,0,0,0,0,"300 SOUTH 18TH STREET,MOUNT VERNON,WA,98274",48.4201,-122.32,NA,2026-06-01
505318,LIFE CARE CENTER OF SKAGIT VALLEY,1462 WEST STATE ROUTE 20,SEDRO WOOLLEY,WA,98284,3608566869,280,Skagit,Y,For profit - Corporation,150,75.8,NA,Medicare and Medicaid,N,"SKAGIT VALLEY OPERATIONS, LLC",1988-05-01,LIFE CARE CENTERS OF AMERICA,311,194,3.5,2.9,3.3,4.5,N,NA,N,N,N,Resident,Yes,2,NA,2,NA,4,NA,5,NA,3,NA,4,NA,NA,NA,2.34451,0.90894,0.89978,1.80873,4.15324,3.5571,0.49004,0.06068,35.4,NA,35.3,NA,0,NA,1.3818,0.9929,2.31538,0.8542,0.67449,3.84407,3.41021,2.3448,0.90906,0.89989,4.15375,3.55754,2025-06-18,16,11,7,100,1,0,100,2024-09-13,25,20,5,144,1,0,144,111,NA,2,86222,0,2,"1462 WEST STATE ROUTE 20,SEDRO WOOLLEY,WA,98284",48.503,-122.25,NA,2026-06-01
505319,ALDERWOOD POST ACUTE & REHABILITATION,3701 188TH STREET SOUTHWEST,LYNNWOOD,WA,98037,4257759222,300,Snohomish,Y,For profit - Corporation,113,99,NA,Medicare and Medicaid,N,LYNNWOOD SNF OPERATIONS LLC,1988-05-04,HILL VALLEY HEALTHCARE,270,44,1.9,1.8,1.8,3.9,N,NA,Y,N,N,Resident,Yes,2,NA,1,NA,5,NA,5,NA,5,NA,3,NA,NA,NA,2.34804,0.92763,0.87777,1.8054,4.15344,3.67272,0.70439,0.07518,59.6,NA,75.8,NA,1,NA,1.39566,1.00286,2.3386,0.86277,0.68126,3.88263,3.44441,2.32502,0.91854,0.86916,4.11271,3.63671,2025-08-20,39,27,13,284,1,0,284,2024-11-15,56,38,18,400,1,0,400,313,NA,4,237596,0,4,"3701 188TH STREET SOUTHWEST,LYNNWOOD,WA,98037",47.8282,-122.28,NA,2026-06-01
505320,COLUMBIA CREST CENTER,1100 EAST NELSON ROAD,MOSES LAKE,WA,98837,5097656788,120,Grant,N,For profit - Corporation,111,61.7,NA,Medicare and Medicaid,N,SUNBRIDGE HEALTHCARE LLC,1988-09-21,GENESIS HEALTHCARE,237,187,2.4,2.3,2.5,3.6,N,NA,Y,N,N,Resident,Yes,2,NA,1,NA,5,NA,5,NA,5,NA,2,NA,NA,NA,2.38326,0.84831,0.50613,1.35444,3.73769,3.5811,0.39512,0.02918,61.8,NA,69.2,NA,2,NA,1.36733,0.9825,2.29113,0.84526,0.66743,3.80382,3.37449,2.40878,0.85739,0.51155,3.77772,3.61945,2026-01-09,20,14,6,108,1,0,108,2024-11-19,32,26,7,357,2,179,536,215,0,3,163278,1,4,"1100 EAST NELSON ROAD,MOSES LAKE,WA,98837",47.1165,-119.26,NA,2026-06-01
505322,SPOKANE HEALTH & REHABILITATION,NORTH 6025 ASSEMBLY,SPOKANE,WA,99205,5093268282,310,Spokane,Y,For profit - Limited Liability company,125,116.2,NA,Medicare and Medicaid,N,WINSTON SNF OPERATIONS LLC,1988-10-19,HILL VALLEY HEALTHCARE,270,44,1.9,1.8,1.8,3.9,N,SFF Candidate,N,N,N,Resident,Yes,1,NA,1,NA,4,NA,3,NA,5,NA,2,NA,NA,NA,2.12628,0.77249,0.55699,1.32948,3.45577,3.17514,0.44246,0.08356,65.5,NA,46.7,NA,1,NA,1.31729,0.94654,2.20728,0.81432,0.643,3.6646,3.25099,2.2307,0.81043,0.58434,3.62547,3.33106,2025-04-24,40,37,7,499,1,0,499,2024-01-19,51,15,51,356,1,0,356,463.25,NA,3,158341,1,4,"NORTH 6025 ASSEMBLY,SPOKANE,WA,99205",47.7074,-117.41,NA,2026-06-01
505324,LIFE CARE CENTER OF PUYALLUP,511 10TH AVENUE SOUTHEAST,PUYALLUP,WA,98372,2538457566,260,Pierce,Y,For profit - Limited Liability company,102,90.9,NA,Medicare and Medicaid,N,"VALLEY TERRACE OPERATIONS, LLC",1989-01-01,LIFE CARE CENTERS OF AMERICA,311,194,3.5,2.9,3.3,4.5,N,NA,N,N,N,Resident,Yes,3,NA,3,NA,4,NA,5,NA,4,NA,4,NA,NA,NA,2.85329,0.91778,0.97777,1.89555,4.74884,4.15307,0.6363,0.09544,31.2,NA,33.3,NA,0,NA,1.52018,1.09233,2.54725,0.93975,0.74204,4.22904,3.75172,2.59388,0.83434,0.88887,4.3171,3.77549,2026-04-10,19,13,6,100,0,0,100,2025-02-27,11,9,2,40,1,0,40,85,NA,0,0,0,0,"511 10TH AVENUE SOUTHEAST,PUYALLUP,WA,98372",47.1827,-122.29,NA,2026-06-01
505325,BAINBRIDGE ISLAND HEALTH & REHAB CENTER,835 MADISON AVENUE NORTH,BAINBRIDGE ISLAND,WA,98110,2068424765,170,Kitsap,Y,For profit - Limited Liability company,58,42.5,NA,Medicare and Medicaid,N,EAGLE HARBOR HEALTHCARE LLC,1988-12-01,THE ENSIGN GROUP,507,342,3.2,2.9,2.4,4.4,N,NA,N,N,N,Resident,Yes,5,NA,5,NA,5,NA,5,NA,5,NA,4,NA,NA,NA,2.34013,0.33467,1.24675,1.58141,3.92154,3.16383,0.88053,0.1144,31.8,NA,16.7,NA,1,NA,1.47164,1.05745,2.46592,0.90974,0.71834,4.094,3.63193,2.19754,0.31428,1.17078,3.6826,2.97106,2025-11-17,5,4,1,20,1,0,20,2024-09-13,4,4,0,20,1,0,20,20,NA,0,0,0,0,"835 MADISON AVENUE NORTH,BAINBRIDGE ISLAND,WA,98110",47.6316,-122.52,NA,2026-06-01
505326,HEARTWOOD EXTENDED HEALTHCARE,1649 EAST 72ND,TACOMA,WA,98404,2534729027,260,Pierce,Y,For profit - Limited Liability company,120,91.4,NA,Medicare and Medicaid,N,HEARTWOOD OPERATOR LLC,1988-07-01,NA,NA,NA,NA,NA,NA,NA,N,NA,N,N,N,Both,Yes,2,NA,2,NA,3,NA,4,NA,2,NA,3,NA,NA,NA,2.35944,0.85674,0.66286,1.51961,3.87904,3.50725,0.5658,0.04217,52.1,NA,60.9,NA,1,NA,1.34572,0.96697,2.25492,0.8319,0.65688,3.7437,3.32116,2.423,0.87982,0.68072,3.98354,3.60173,2026-03-30,24,23,1,144,1,0,144,2025-02-13,36,20,17,248,1,0,248,170,NA,3,293221,1,4,"1649 EAST 72ND,TACOMA,WA,98404",47.1917,-122.41,NA,2026-06-01
505327,AVAMERE OLYMPIC REHABILITATION OF SEQUIM,1000 5TH AVENUE SOUTH,SEQUIM,WA,98382,3605823900,040,Clallam,N,For profit - Corporation,90,70.8,NA,Medicare and Medicaid,N,SEQUIM REHABILITATION LLC,1989-01-27,AVAMERE,58,29,3.1,2.7,4.1,3.7,N,NA,N,N,N,Resident,Yes,1,NA,1,NA,4,NA,4,NA,5,NA,4,NA,NA,NA,2.72566,0.7335,1.13912,1.87262,4.59828,4.02271,0.73259,0.105,42.7,NA,40.9,NA,1,NA,1.6292,1.17067,2.72993,1.00714,0.79525,4.53233,4.02078,2.31204,0.62219,0.96626,3.90049,3.41227,2025-12-09,26,24,2,200,1,0,200,2024-10-01,28,21,13,176,1,0,176,194,0,2,95195,0,2,"1000 5TH AVENUE SOUTH,SEQUIM,WA,98382",48.0724,-123.11,NA,2026-06-01
505329,BUENA VISTA HEALTHCARE,151 BUENA VISTA DRIVE,COLVILLE,WA,99114,5096844539,320,Stevens,Y,For profit - Limited Liability company,40,34.8,NA,Medicare and Medicaid,N,"BUENA VISTA SNF OPERATIONS, LLC",1989-04-12,EVERGREEN HEALTHCARE GROUP,846,43,2.4,2.3,3.3,3,Y,NA,N,N,N,Resident,Yes,4,NA,4,NA,4,NA,4,NA,4,NA,4,NA,NA,NA,2.7557,0.83669,0.66729,1.50398,4.25969,3.89511,0.56155,0,44.9,NA,44.4,NA,0,NA,1.25073,0.89872,2.09576,0.77318,0.61051,3.47944,3.08673,3.04487,0.92449,0.73731,4.70667,4.30383,2025-02-14,6,6,0,28,1,0,28,2024-04-12,11,11,0,100,1,0,100,46,0,1,13104,0,1,"151 BUENA VISTA DRIVE,COLVILLE,WA,99114",48.5614,-117.92,NA,2026-06-01
505331,BROOKFIELD HEALTH AND REHAB OF CASCADIA,510 NORTH PARKWAY,BATTLE GROUND,WA,98604,3606875141,050,Clark,Y,For profit - Limited Liability company,83,53.9,NA,Medicare and Medicaid,N,BATTLEGROUND OF CASCADIA LLC,1989-03-09,CASCADIA HEALTHCARE,118,44,3.2,2.9,2.8,4,N,NA,N,N,N,Resident,Yes,3,NA,3,NA,4,NA,4,NA,5,NA,3,NA,NA,NA,1.85175,0.63901,0.99235,1.63136,3.48311,2.96411,0.64251,0.17601,70.9,NA,58.3,NA,1,NA,1.27265,0.91447,2.13249,0.78673,0.62121,3.54043,3.14083,2.01081,0.6939,1.0776,3.78231,3.21872,2025-05-07,13,11,2,76,1,0,76,2024-07-11,14,4,11,148,1,0,148,94,0,1,15935,0,1,"510 NORTH PARKWAY,BATTLE GROUND,WA,98604",45.785,-122.54,NA,2026-06-01
505334,LIFE CARE CENTER OF KIRKLAND,10101 NORTHEAST 120TH STREET,KIRKLAND,WA,98034,4258232323,160,King,Y,For profit - Limited Liability company,190,84.9,NA,Medicare and Medicaid,N,"LAKE VUE OPERATIONS, LLC",1989-05-01,LIFE CARE CENTERS OF AMERICA,311,194,3.5,2.9,3.3,4.5,N,NA,N,N,N,Resident,Yes,2,NA,2,NA,4,NA,4,NA,4,NA,4,NA,NA,NA,2.37473,0.73899,1.05776,1.79676,4.17148,3.39671,0.87421,0.04904,45.1,NA,48.1,NA,2,NA,1.38395,0.99444,2.31898,0.85553,0.67554,3.85005,3.41551,2.37134,0.73794,1.05625,4.16553,3.39185,2025-11-26,18,14,4,116,1,0,116,2024-09-06,34,17,20,188,1,0,188,134,NA,2,61610,0,2,"10101 NORTHEAST 120TH STREET,KIRKLAND,WA,98034",47.7076,-122.21,NA,2026-06-01
505338,Snohomish Health and Rehabilitation of Cascadia,800 10TH STREET,SNOHOMISH,WA,98290,3605683161,300,Snohomish,Y,For profit - Limited Liability company,91,78.4,NA,Medicare and Medicaid,N,SNOHOMISH OF CASCADIA LLC,1989-07-01,CASCADIA HEALTHCARE,118,44,3.2,2.9,2.8,4,N,NA,N,N,N,Resident,Yes,3,NA,2,NA,5,NA,5,NA,5,NA,3,NA,NA,NA,2.34056,0.6628,0.93608,1.59888,3.93944,3.44355,0.63671,0.07303,57,NA,45.5,NA,1,NA,1.6103,1.15708,2.69825,0.99545,0.78603,4.47973,3.97412,2.00869,0.56882,0.80336,3.38087,2.95529,2025-03-31,14,9,5,72,1,0,72,2024-02-09,32,15,17,284,1,0,284,125,NA,2,175676,1,3,"800 10TH STREET,SNOHOMISH,WA,98290",47.9241,-122.09,NA,2026-06-01
505339,NORTH BEND POST ACUTE,219 CEDAR AVENUE SOUTH,NORTH BEND,WA,98045,4258882129,160,King,Y,For profit - Limited Liability company,64,55.8,NA,Medicare and Medicaid,N,MIDDLES HOLDINGS LLC,1989-10-01,NA,NA,NA,NA,NA,NA,NA,N,NA,N,N,N,Resident,Yes,1,NA,1,NA,4,NA,5,NA,3,NA,1,24,NA,NA,2.08123,1.05178,0.23984,1.29161,3.37285,3.12204,0.0312,0.03578,50,NA,NA,27,1,NA,1.1476,0.82461,1.92295,0.70943,0.56017,3.19255,2.83222,2.50627,1.26657,0.28882,4.06167,3.75964,2025-03-05,21,21,1,140,1,0,140,2023-12-12,54,34,22,512,1,0,512,233,NA,2,206072,1,3,"219 CEDAR AVENUE SOUTH,NORTH BEND,WA,98045",47.4936,-121.79,NA,2026-06-01
505341,BRIDGE CREST POST ACUTE,5220 NORTHEAST HAZEL DELL AVENUE,VANCOUVER,WA,98663,3606931474,050,Clark,Y,For profit - Limited Liability company,89,70.5,NA,Medicare and Medicaid,N,BRIDGE CREST SNF HEALTHCARE LLC,1989-06-02,PACS GROUP,690,280,3,2.5,2.4,4.3,N,NA,N,N,N,Resident,Yes,2,NA,2,NA,3,NA,3,NA,2,NA,4,NA,NA,NA,2.39036,1.02616,0.74916,1.77531,4.16567,3.55567,0.42715,0.15393,58,NA,61.5,NA,1,NA,1.1826,0.84976,1.9816,0.73106,0.57726,3.28992,2.9186,2.79334,1.19915,0.87545,4.86794,4.15511,2025-12-12,20,15,5,108,1,0,108,2024-10-11,24,18,6,180,1,0,180,126,NA,5,220932,0,5,"5220 NORTHEAST HAZEL DELL AVENUE,VANCOUVER,WA,98663",45.6598,-122.67,NA,2026-06-01
505344,Canterbury House,502 29TH STREET SOUTHEAST,AUBURN,WA,98002,2539390090,160,King,Y,For profit - Limited Liability company,100,75.7,NA,Medicare and Medicaid,N,CANTERBURY SNF OPERATIONS LLC,1989-08-17,EVERGREEN HEALTHCARE GROUP,846,43,2.4,2.3,3.3,3,N,NA,N,N,N,Resident,Yes,2,NA,2,NA,4,NA,4,NA,3,NA,4,NA,NA,NA,2.2274,0.90434,0.79523,1.69957,3.92697,3.63482,0.55885,0,41,NA,52.9,NA,0,NA,1.42887,1.02672,2.39426,0.8833,0.69747,3.97502,3.52638,2.15429,0.87466,0.76913,3.79808,3.51552,2026-01-16,14,14,0,104,1,0,104,2024-10-04,37,29,11,252,1,0,252,141,NA,1,68159,0,1,"502 29TH STREET SOUTHEAST,AUBURN,WA,98002",47.2828,-122.22,NA,2026-06-01
505346,CHENEY CARE CENTER,2219 NORTH 6TH STREET,CHENEY,WA,99004,5092356196,310,Spokane,Y,Non profit - Other,54,36.9,NA,Medicare and Medicaid,N,CHENEY CARE COMMUNITY,1989-09-01,NA,NA,NA,NA,NA,NA,NA,Y,NA,N,N,N,Resident,Yes,3,NA,3,NA,3,NA,2,NA,4,NA,3,NA,NA,NA,3.18508,1.01103,0.51683,1.52786,4.71294,4.2311,0.3131,0.05824,37.5,NA,37.5,NA,1,NA,1.72124,1.2368,2.88415,1.06403,0.84018,4.78836,4.24791,2.55729,0.81175,0.41496,3.784,3.39713,2025-08-20,13,13,0,76,1,0,76,2024-06-05,25,12,13,120,1,0,120,87,NA,0,0,0,0,"2219 NORTH 6TH STREET,CHENEY,WA,99004",47.501,-117.58,NA,2026-06-01
505347,THE OAKS AT LAKEWOOD,11411 BRIDGEPORT WAY,TACOMA,WA,98499,2535819002,260,Pierce,Y,For profit - Limited Liability company,80,72.4,NA,Medicare and Medicaid,N,AMERICAN LAKE HEALTHCARE INC,1989-07-26,THE ENSIGN GROUP,507,342,3.2,2.9,2.4,4.4,N,NA,N,N,N,Resident,Yes,5,NA,5,NA,5,NA,5,NA,5,NA,3,NA,NA,NA,2.43533,1.05796,0.55465,1.6126,4.04794,3.43709,0.52947,0.13371,38,NA,44.4,NA,1,NA,1.50261,1.07971,2.51782,0.92889,0.73346,4.18017,3.70837,2.23981,0.97302,0.51012,3.72294,3.16113,2026-01-29,3,3,0,12,1,0,12,2024-10-22,15,14,1,64,1,0,64,25,NA,0,0,0,0,"11411 BRIDGEPORT WAY,TACOMA,WA,98499",47.1536,-122.5,NA,2026-06-01
505348,GOOD SAMARITAN HEALTH CARE CTR,702 NORTH 16TH AVENUE,YAKIMA,WA,98902,5092485320,380,Yakima,Y,For profit - Individual,105,89.8,NA,Medicare and Medicaid,N,BD YAKIMA I LLC,1989-09-01,REGENCY PACIFIC MANAGEMENT,442,27,4,3.7,3.9,3.7,N,NA,N,N,N,Resident,Yes,5,NA,5,NA,4,NA,2,NA,5,NA,4,NA,NA,NA,2.76295,0.93337,0.64683,1.5802,4.34315,3.80344,0.41225,0.14303,29.2,NA,18.8,NA,0,NA,1.40108,1.00675,2.34768,0.86612,0.6839,3.8977,3.45778,2.72527,0.92064,0.63801,4.28392,3.75158,2025-11-18,5,4,1,24,1,0,24,2024-10-07,12,7,5,56,1,0,56,32,1,0,0,0,0,"702 NORTH 16TH AVENUE,YAKIMA,WA,98902",46.6094,-120.53,NA,2026-06-01
505349,WILLAPA HARBOR CARE,1100 JACKSON STREET,RAYMOND,WA,98577,3609422424,240,Pacific,N,For profit - Limited Liability company,60,46.2,NA,Medicare and Medicaid,N,WILLAPA NURSING & REHAB LLC,1989-09-01,CALDERA CARE,97,7,2.9,2.6,3,4.1,N,NA,N,N,N,Resident,Yes,4,NA,4,NA,4,NA,4,NA,4,NA,2,NA,NA,NA,2.27069,0.56201,0.64429,1.2063,3.47699,2.9873,0.35203,0.0979,44.7,NA,75,NA,1,NA,1.35932,0.97674,2.2777,0.8403,0.66352,3.78152,3.35472,2.30853,0.57138,0.65503,3.53494,3.03709,2025-08-08,11,10,1,44,1,0,44,2024-07-24,8,7,1,36,1,0,36,42,NA,0,0,0,0,"1100 JACKSON STREET,RAYMOND,WA,98577",46.676,-123.75,NA,2026-06-01
505350,REGENCY CARE CENTER AT MONROE,1355 WEST MAIN STREET,MONROE,WA,98272,3607944011,300,Snohomish,Y,For profit - Limited Liability company,92,77.4,NA,Medicare and Medicaid,N,BD MONROE I LLC,1989-10-01,REGENCY PACIFIC MANAGEMENT,442,27,4,3.7,3.9,3.7,N,NA,N,N,N,Resident,Yes,5,NA,4,NA,4,NA,2,NA,5,NA,5,NA,NA,NA,2.41325,0.50819,1.07815,1.58633,3.99958,3.66641,0.9298,0.06716,35,NA,17.6,NA,0,NA,1.24551,0.89496,2.087,0.76995,0.60796,3.46491,3.07384,2.67766,0.56387,1.19628,4.4378,4.06812,2025-05-07,12,12,0,68,1,0,68,2024-02-26,11,9,2,76,1,0,76,70,0,0,0,0,0,"1355 WEST MAIN STREET,MONROE,WA,98272",47.8508,-121.99,NA,2026-06-01
505351,ARLINGTON HEALTH AND REHABILITATION,620 SOUTH HAZEL STREET,ARLINGTON,WA,98223,3604038247,300,Snohomish,Y,For profit - Limited Liability company,76,50.8,NA,Medicare and Medicaid,N,CLAY & DAVIS DEVELOPMENT LLC,1989-10-01,REGENCY PACIFIC MANAGEMENT,442,27,4,3.7,3.9,3.7,N,NA,N,N,N,Resident,Yes,4,NA,3,NA,5,NA,4,NA,5,NA,3,NA,NA,NA,2.57938,1.14097,0.71272,1.85369,4.43307,3.71779,0.51315,0.06674,31.7,NA,41.7,NA,0,NA,1.76614,1.26906,2.95939,1.09179,0.8621,4.91327,4.35873,2.01832,0.89279,0.55769,3.4688,2.90911,2026-01-26,11,11,0,56,1,0,56,2025-02-05,23,17,8,231,1,0,231,99.75,NA,2,200328,0,2,"620 SOUTH HAZEL STREET,ARLINGTON,WA,98223",48.1869,-122.13,NA,2026-06-01
505355,AUBURN POST ACUTE,414 - 17TH SOUTHEAST,AUBURN,WA,98002,2538331740,160,King,Y,For profit - Limited Liability company,96,76.5,NA,Medicare and Medicaid,N,FORT EBEY HOLDINGS LLC,1989-11-01,NA,NA,NA,NA,NA,NA,NA,N,SFF Candidate,Y,N,N,Resident,Yes,1,NA,1,NA,3,NA,2,NA,3,NA,4,NA,NA,NA,2.18818,0.36983,0.84136,1.21119,3.39937,2.98551,0.65463,0.0303,38,NA,36.4,NA,2,NA,1.23539,0.88769,2.07004,0.76369,0.60302,3.43676,3.04886,2.44783,0.41371,0.94119,3.80273,3.33976,2025-01-31,29,20,10,438,1,0,438,2023-09-28,62,44,20,733,1,0,733,511.75,NA,5,314229,0,5,"414 - 17TH SOUTHEAST,AUBURN,WA,98002",47.2936,-122.22,NA,2026-06-01
505361,Americana Health and Rehabilitation,917 7TH AVENUE,LONGVIEW,WA,98632,3604255910,070,Cowlitz,Y,For profit - Corporation,74,46.3,NA,Medicare and Medicaid,N,"AMERICANA SNF OPERATIONS, LLC",1990-01-01,EVERGREEN HEALTHCARE GROUP,846,43,2.4,2.3,3.3,3,N,NA,N,N,N,Resident,Yes,4,NA,4,NA,2,NA,1,NA,3,NA,4,NA,NA,NA,2.61603,0.86792,0.81659,1.68451,4.30054,3.76992,0.47529,0,32.1,NA,12.5,NA,0,NA,1.52155,1.09331,2.54954,0.94059,0.7427,4.23283,3.75509,2.37606,0.7883,0.74169,3.90605,3.4241,2025-11-21,9,9,0,44,1,0,44,2024-12-17,8,7,1,64,1,0,64,49,NA,0,0,0,0,"917 7TH AVENUE,LONGVIEW,WA,98632",46.129,-122.93,NA,2026-06-01
505362,VIEW RIDGE CARE CENTER,5129 HILLTOP ROAD,EVERETT,WA,98203,4252584474,300,Snohomish,Y,For profit - Limited Liability company,70,53.2,NA,Medicare and Medicaid,N,VIEW RIDGE CARE CENTER LLC,1989-12-01,REGENCY PACIFIC MANAGEMENT,442,27,4,3.7,3.9,3.7,N,NA,N,N,N,Resident,Yes,4,NA,3,NA,5,NA,4,NA,5,NA,3,NA,NA,NA,2.81899,0.99239,0.83247,1.82486,4.64385,4.0523,0.69963,0.09364,39.3,NA,57.1,NA,0,NA,1.71296,1.23085,2.87027,1.05892,0.83614,4.76532,4.22748,2.2743,0.80064,0.67162,3.74655,3.2693,2025-11-24,15,15,0,104,1,0,104,2024-08-30,11,11,0,60,1,0,60,93,NA,0,0,0,0,"5129 HILLTOP ROAD,EVERETT,WA,98203",47.9501,-122.23,NA,2026-06-01
505367,WILLOW SPRINGS CARE AND REHABILITATION,4007 TIETON DRIVE,YAKIMA,WA,98908,5099664500,380,Yakima,Y,For profit - Corporation,75,59.8,NA,Medicare and Medicaid,N,WILLOW SPRINGS CARE,1990-06-01,HYATT FAMILY FACILITIES,276,5,2.6,2.4,3.4,3.8,N,NA,N,N,N,Resident,Yes,5,NA,5,NA,3,NA,4,NA,2,NA,2,NA,NA,NA,2.48457,0.5341,0.99653,1.53063,4.0152,3.41439,0.97898,0.13997,59.4,NA,60,NA,2,NA,1.77681,1.27674,2.97727,1.09839,0.86731,4.94297,4.38508,1.93245,0.41541,0.77508,3.12295,2.65565,2025-07-25,5,5,0,32,1,0,32,2024-09-10,9,7,2,52,1,0,52,37,0,1,21442,0,1,"4007 TIETON DRIVE,YAKIMA,WA,98908",46.593,-120.61,NA,2026-06-01
505369,REGENCY AT NORTHPOINTE,1224 EAST WESTVIEW COURT,SPOKANE,WA,99218,5094658800,310,Spokane,Y,For profit - Corporation,120,90.4,NA,Medicare and Medicaid,N,BD SPOKANE I LLC,1990-08-01,REGENCY PACIFIC MANAGEMENT,442,27,4,3.7,3.9,3.7,Y,NA,N,N,N,Resident,Yes,5,NA,4,NA,5,NA,4,NA,5,NA,4,NA,NA,NA,2.88974,0.8639,1.02391,1.88781,4.77755,3.86779,0.29666,0.1893,46.7,NA,33.3,NA,0,NA,1.69313,1.21661,2.83706,1.04666,0.82646,4.71018,4.17856,2.35867,0.70513,0.83574,3.89954,3.15697,2024-08-27,11,11,0,56,1,0,56,2023-04-28,4,2,2,32,1,0,32,50,1,1,8278,0,1,"1224 EAST WESTVIEW COURT,SPOKANE,WA,99218",47.7457,-117.39,NA,2026-06-01
505372,REGENCY CANYON LAKES REHAB AND NURSING CENTER,2702 S ELY ST,KENNEWICK,WA,99337,5095825900,020,Benton,Y,For profit - Corporation,53,49.6,NA,Medicare and Medicaid,N,MBB KENNEWICK LLC,1990-09-01,REGENCY PACIFIC MANAGEMENT,442,27,4,3.7,3.9,3.7,N,NA,N,N,N,Resident,Yes,5,NA,5,NA,4,NA,4,NA,4,NA,5,NA,NA,NA,2.78847,0.62381,1.40055,2.02436,4.81283,3.74248,0.76975,0.27121,32.8,NA,18.8,NA,0,NA,1.43156,1.02865,2.39876,0.88496,0.69878,3.98251,3.53301,2.69188,0.6022,1.35203,4.64611,3.61284,2025-04-10,4,4,0,20,1,0,20,2024-05-13,4,1,3,64,1,0,64,31,0,2,18220,0,2,"2702 S ELY ST,KENNEWICK,WA,99337",46.1828,-119.16,NA,2026-06-01
505373,SOUTH CREEK POST ACUTE,917 SOUTH SCHEUBER ROAD,CENTRALIA,WA,98531,3607369384,200,Lewis,N,For profit - Limited Liability company,128,102.9,NA,Medicare and Medicaid,N,SOUTH CREEK SNF HEALTHCARE LLC,1991-04-01,PACS GROUP,690,280,3,2.5,2.4,4.3,N,NA,N,N,N,Resident,Yes,4,NA,3,NA,5,NA,5,NA,5,NA,3,NA,NA,NA,2.49746,1.01583,0.59809,1.61391,4.11137,3.62372,0.30275,0.09606,55.9,NA,69.6,NA,1,NA,1.38121,0.99248,2.3144,0.85384,0.6742,3.84244,3.40876,2.49883,1.01638,0.59842,4.11363,3.62571,2026-02-11,16,7,9,88,1,0,88,2025-04-11,21,14,7,84,1,0,84,87,NA,1,12735,0,1,"917 SOUTH SCHEUBER ROAD,CENTRALIA,WA,98531",46.7122,-122.99,NA,2026-06-01
505376,MT BAKER CARE CENTER,2905 CONNELLY AVENUE,BELLINGHAM,WA,98225,3607344181,360,Whatcom,Y,For profit - Limited Liability company,70,55.9,NA,Medicare and Medicaid,N,CLAY & DAVIS MT BAKER DEVELOPMENT L L C,1991-04-01,REGENCY PACIFIC MANAGEMENT,442,27,4,3.7,3.9,3.7,N,NA,N,N,N,Resident,Yes,5,NA,5,NA,5,NA,4,NA,5,NA,5,NA,NA,NA,3.22952,0.84861,1.20065,2.04926,5.27878,4.70684,0.93861000000000006,0.16158,44.6,NA,33.3,NA,0,NA,1.56412,1.1239,2.62088,0.96691,0.76349,4.35127,3.86016,2.85343,0.74979,1.06083,4.66404,4.15871,2025-07-02,6,5,1,24,1,0,24,2024-04-12,8,6,2,36,1,0,36,27,0,0,0,0,0,"2905 CONNELLY AVENUE,BELLINGHAM,WA,98225",48.7128,-122.48,NA,2026-06-01
505379,Royal Park Health and Rehabilitation,7411 NORTH NEVADA,SPOKANE,WA,99208,5094892273,310,Spokane,Y,For profit - Limited Liability company,164,103,NA,Medicare and Medicaid,N,ROYAL PARK HEALTH SNF OPERATIONS LLC,1991-06-06,EVERGREEN HEALTHCARE GROUP,846,43,2.4,2.3,3.3,3,N,NA,N,N,N,Resident,Yes,1,NA,1,NA,4,NA,5,NA,4,NA,3,NA,NA,NA,2.35954,0.78142,0.67305,1.45447,3.81401,3.35718,0.54719,0,56.7,NA,52.9,NA,0,NA,1.33753,0.96108,2.24119,0.82683,0.65288,3.7209,3.30094,2.43795,0.80738,0.69542,3.94076,3.46874,2025-01-17,26,24,6,184,1,0,184,2023-10-04,22,8,15,216,1,0,216,192,NA,4,119640,0,4,"7411 NORTH NEVADA,SPOKANE,WA,99208",47.7243,-117.4,NA,2026-06-01
505382,REGENCY WENATCHEE REHABILIATION & NURSING CENTER,1326 RED APPLE RD,WENATCHEE,WA,98801,5096822551,030,Chelan,Y,For profit - Limited Liability company,55,49.7,NA,Medicare and Medicaid,N,REGENCY WENATCHEE LLC,1991-07-01,REGENCY PACIFIC MANAGEMENT,442,27,4,3.7,3.9,3.7,N,NA,N,N,N,Resident,Yes,5,NA,5,NA,3,NA,1,NA,4,NA,4,NA,NA,NA,2.57518,0.11807,1.59519,1.71325,4.28844,3.41654,1.08201,0.11819,47.5,NA,47.6,NA,1,NA,1.38066,0.99207,2.31346,0.85349,0.67393,3.84089,3.40738,2.57764,0.11818,1.59671,4.29253,3.4198,2026-03-13,2,2,0,8,1,0,8,2025-05-06,13,11,6,84,1,0,84,27,0,1,10358,0,1,"1326 RED APPLE RD,WENATCHEE,WA,98801",47.408,-120.33,NA,2026-06-01
505383,SULLIVAN PARK CARE CENTER,14820 EAST FOURTH,SPOKANE,WA,99216,5099221644,310,Spokane,Y,For profit - Corporation,125,121.2,NA,Medicare and Medicaid,N,SULLIVAN SNF HEALTHCARE LLC,1991-06-12,PACS GROUP,690,280,3,2.5,2.4,4.3,Y,NA,N,N,N,Resident,Yes,3,NA,2,NA,5,NA,5,NA,2,NA,2,NA,NA,NA,2.21018,1.02183,0.50068,1.52251,3.73269,3.18998,0.25145,0.07925,53.9,NA,47.1,NA,0,NA,1.47342,1.05873,2.46889,0.91084,0.71921,4.09894,3.63631,2.07301,0.95841,0.46961,3.50103,2.992,2025-03-06,32,32,11,160,1,0,160,2023-12-21,41,14,27,232,1,0,232,178,NA,2,126188,0,2,"14820 EAST FOURTH,SPOKANE,WA,99216",47.6534,-117.21,NA,2026-06-01
505386,MARYSVILLE CARE CENTER,1821 GROVE STREET,MARYSVILLE,WA,98270,3606593926,300,Snohomish,Y,For profit - Limited Liability company,97,76.1,NA,Medicare and Medicaid,N,MARYSVILLE OPERATIONS LLC,1991-08-01,LIFE CARE CENTERS OF AMERICA,311,194,3.5,2.9,3.3,4.5,N,NA,N,N,N,Resident,Yes,4,NA,3,NA,5,NA,5,NA,5,NA,3,NA,NA,NA,2.39748,0.56107,1.29743,1.8585,4.25598,3.62066,0.84396,0.06016,45.9,NA,45.8,NA,NA,26,1.56766,1.12644,2.62681,0.96909,0.76521,4.36111,3.86889,2.1135,0.49462,1.14375,3.75187,3.1918,2025-09-29,16,12,4,72,1,0,72,2024-10-11,23,12,13,136,1,0,136,88,NA,2,101691,0,2,"1821 GROVE STREET,MARYSVILLE,WA,98270",48.0612,-122.17,NA,2026-06-01
505387,WOODARD CREEK HEALTH & REHABILITATION,3333 ENSIGN ROAD NORTHEAST,OLYMPIA,WA,98506,3604934900,330,Thurston,Y,For profit - Limited Liability company,152,99.1,NA,Medicare and Medicaid,N,WOODARD SNF OPERATIONS LLC,1991-06-07,HILL VALLEY HEALTHCARE,270,44,1.9,1.8,1.8,3.9,N,NA,N,N,N,Both,Yes,2,NA,1,NA,5,NA,5,NA,4,NA,1,NA,NA,NA,2.2103,0.74144,0.63661,1.37805,3.58835,3.17365,0.40702,0.10283,81.3,NA,82.6,NA,3,NA,1.45069,1.0424,2.43082,0.89679,0.70812,4.03573,3.58023,2.10559,0.70632,0.60645,3.41837,3.02331,2025-06-24,42,22,21,248,1,0,248,2024-05-31,33,20,13,172,1,0,172,229,0,1,12735,0,1,"3333 ENSIGN ROAD NORTHEAST,OLYMPIA,WA,98506",47.051,-122.84,NA,2026-06-01
505389,AVAMERE REHABILITATION OF CASCADE PARK,801 SOUTHEAST PARK CREST AVENUE,VANCOUVER,WA,98683,3602602200,050,Clark,Y,For profit - Corporation,88,82,NA,Medicare and Medicaid,N,"VANCOUVER OPERATIONS, LLC",1991-09-01,AVAMERE,58,29,3.1,2.7,4.1,3.7,N,NA,N,N,N,Resident,Yes,5,NA,4,NA,3,NA,4,NA,3,NA,5,NA,NA,NA,2.58538,1.04785,1.04034,2.08819,4.67357,4.23314,0.67356,0.17283,31.7,NA,33.3,NA,0,NA,1.3654,0.98111,2.28789,0.84406,0.66648,3.79844,3.36972,2.61677,1.06057,1.05297,4.73031,4.28453,2025-11-21,9,7,2,32,1,0,32,2024-08-09,12,10,2,72,1,0,72,42,NA,0,0,0,0,"801 SOUTHEAST PARK CREST AVENUE,VANCOUVER,WA,98683",45.6153,-122.52,NA,2026-06-01
505390,MCKAY HEALTHCARE & REHAB CTR,127 SECOND AVENUE SOUTHWEST,SOAP LAKE,WA,98851,5092461111,120,Grant,N,Government - Hospital district,42,37.5,NA,Medicare and Medicaid,N,PUBLIC HOSPITAL DISTRICT 4 OF GRANT COUNTY,1991-08-01,NA,NA,NA,NA,NA,NA,NA,N,NA,N,N,N,Resident,Yes,4,NA,4,NA,3,NA,3,NA,NA,2,3,NA,NA,NA,2.68135,0.78828,0.75624,1.54452,4.22587,3.77598,0.37269,0.05152,68.3,NA,76.9,NA,1,NA,1.46281,1.05111,2.45112,0.90428,0.71403,4.06944,3.61014,2.53317,0.74472,0.71444,3.99234,3.56731,2025-03-21,7,6,1,32,1,0,32,2024-02-09,26,19,7,160,1,0,160,64,NA,1,113505,0,1,"127 SECOND AVENUE SOUTHWEST,SOAP LAKE,WA,98851",47.3872,-119.49,NA,2026-06-01
505393,North Cascades Health and Rehabilitation,4680 CORDATA PARKWAY,BELLINGHAM,WA,98226,3603981966,360,Whatcom,Y,For profit - Corporation,122,93,NA,Medicare and Medicaid,N,NORTH CASCADES SNF OPERATIONS LLC,1991-09-01,EVERGREEN HEALTHCARE GROUP,846,43,2.4,2.3,3.3,3,N,NA,Y,N,N,None,Yes,2,NA,1,NA,5,NA,5,NA,5,NA,4,NA,NA,NA,2.04021,0.55985,0.941,1.50085,3.54106,3.06599,0.65407,0,37.6,NA,29.2,NA,0,NA,1.29811,0.93276,2.17515,0.80247,0.63364,3.61126,3.20367,2.17201,0.59601,1.00179,3.76982,3.26405,2025-01-24,30,12,18,322,1,0,322,2024-03-08,45,17,31,360,1,0,360,331.5,0,6,338413,0,6,"4680 CORDATA PARKWAY,BELLINGHAM,WA,98226",48.8118,-122.5,NA,2026-06-01
505395,STAFHOLT HEALTH AND REHABILITATION OF CASCADIA,456 C STREET,BLAINE,WA,98230,3603328733,360,Whatcom,Y,For profit - Limited Liability company,57,53.7,NA,Medicare and Medicaid,N,BLAINE OF CASCADIA LLC,1991-09-01,CASCADIA HEALTHCARE,118,44,3.2,2.9,2.8,4,N,NA,N,N,N,Resident,Yes,5,NA,4,NA,5,NA,5,NA,5,NA,4,NA,NA,NA,1.91521,0.49846,1.30346,1.80192,3.71713,3.28281,1.13964,0.07902,52.5,NA,50,NA,0,NA,1.30092,0.93478000000000006,2.17986,0.8042,0.63501,3.61907,3.2106,2.03454,0.52952,1.38467,3.94872,3.48734,2026-02-17,10,7,3,60,1,0,60,2025-03-25,20,4,16,104,1,0,104,71,0,2,47182,1,3,"456 C STREET,BLAINE,WA,98230",48.9992,-122.75,NA,2026-06-01
505400,Enumclaw Health and Rehabilitation,2323 JENSEN STREET,ENUMCLAW,WA,98022,3608252541,160,King,Y,For profit - Limited Liability company,92,61.9,NA,Medicare and Medicaid,N,ENUMCLAW SNF OPERATIONS LLC,1991-11-01,EVERGREEN HEALTHCARE GROUP,846,43,2.4,2.3,3.3,3,N,NA,N,N,N,Resident,Yes,2,NA,2,NA,2,NA,5,NA,1,NA,3,NA,NA,NA,2.2907,0.79729,0.64166,1.43894,3.72964,2.97596,0.62332,0,64.6,NA,69.2,NA,0,NA,1.28433,0.92286,2.15205,0.79394,0.62691,3.5729,3.16964,2.46486,0.8579,0.69044,4.01321,3.20222,2025-06-13,24,20,5,164,1,0,164,2024-05-16,28,21,7,188,1,0,188,170,6,1,8018,0,1,"2323 JENSEN STREET,ENUMCLAW,WA,98022",47.2096,-121.99,NA,2026-06-01
505401,Parkside Care,308 WEST EMMA,UNION GAP,WA,98903,5092481985,380,Yakima,Y,For profit - Limited Liability company,88,46,NA,Medicare and Medicaid,N,PREST OP LLC,1991-12-01,VERTICAL HEALTH SERVICES,636,16,1.9,2.3,1.6,3.5,N,NA,N,N,N,Resident,Yes,1,NA,1,NA,2,NA,2,NA,1,NA,2,NA,NA,NA,2.55303,0.88659,0.92927,1.81586,4.36889,3.74537,0.706,0.02468,NA,26,NA,26,NA,26,1.59527,1.14629,2.67307,0.98616,0.77869,4.43792,3.93703,2.21167,0.76805,0.80503,3.78475,3.24459,2026-03-23,17,15,2,128,1,0,128,2025-02-07,30,20,10,378,1,0,378,190.5,0,3,132645,0,3,"308 WEST EMMA,UNION GAP,WA,98903",46.5529,-120.48,NA,2026-06-01
505403,BETHANY AT SILVER LAKE,2235 LAKE HEIGHTS DRIVE,EVERETT,WA,98208,4253383000,300,Snohomish,Y,Non profit - Church related,151,114.9,NA,Medicare and Medicaid,N,BETHANY OF THE NORTHWEST,1992-01-01,NA,NA,NA,NA,NA,NA,NA,N,NA,N,N,N,Resident,Yes,5,NA,4,NA,5,NA,5,NA,5,NA,3,NA,NA,NA,2.52208,0.873,0.77418,1.64719,4.16927,3.68637,0.50176,0.06758,42.1,NA,35.7,NA,0,NA,1.73979,1.25013,2.91524,1.0755,0.84924,4.83998,4.29371,2.00337,0.69345,0.61496,3.31178,2.9282,2026-03-20,7,7,1,32,1,0,32,2024-12-20,8,6,2,60,1,0,60,39,NA,2,121447,0,2,"2235 LAKE HEIGHTS DRIVE,EVERETT,WA,98208",47.8903,-122.2,NA,2026-06-01
505404,Bethany At Pacific,916 PACIFIC AVENUE 3RD-5TH FLOORS,EVERETT,WA,98201,4252595508,300,Snohomish,Y,Non profit - Church related,80,74.9,NA,Medicare and Medicaid,N,BETHANY OF THE NORTHWEST,1992-01-01,NA,NA,NA,NA,NA,NA,NA,N,NA,N,N,N,Resident,Yes,4,NA,3,NA,5,NA,5,NA,5,NA,4,NA,NA,NA,2.82878,0.87252,1.24877,2.12128,4.95006,4.04992,0.66684,0.12696,37.3,NA,30,NA,1,NA,1.94871,1.40025,3.2653,1.20465,0.95121,5.42117,4.8093,2.00609,0.61877,0.88559,3.51045,2.8721,2025-04-21,18,17,1,76,1,0,76,2024-06-12,27,16,12,188,1,0,188,104,NA,1,42477,0,1,"916 PACIFIC AVENUE 3RD-5TH FLOORS,EVERETT,WA,98201",47.9886,-122.2,22,2026-06-01
505406,CHRISTIAN HEALTH CARE CENTER,855 AARON DRIVE,LYNDEN,WA,98264,3603544434,360,Whatcom,Y,Non profit - Corporation,122,94.8,NA,Medicare and Medicaid,N,CHRISTIAN HEALTH CARE CENTER,1992-01-01,NA,NA,NA,NA,NA,NA,NA,N,NA,N,N,N,Resident,Yes,5,NA,4,NA,5,NA,5,NA,2,NA,4,NA,NA,NA,2.80532,0.69311,1.2968,1.98991,4.79522,4.16742,1.07817,0.06401,39.8,NA,38.7,NA,0,NA,1.67963,1.2069,2.81443,1.03831,0.81987,4.67262,4.14524,2.30817,0.57028,1.06699,3.94543,3.42888,2025-05-27,8,8,0,68,1,0,68,2024-08-21,2,2,0,8,1,0,8,53,0,1,33970,0,1,"855 AARON DRIVE,LYNDEN,WA,98264",48.9625,-122.44,NA,2026-06-01
505407,MOUNTAIN VIEW REHABILITATION AND CARE CENTER,5925 47TH AVENUE NE,MARYSVILLE,WA,98270,3606591259,300,Snohomish,Y,For profit - Corporation,82,83.5,NA,Medicare and Medicaid,N,"ALLEN CREEK HEALTHCARE, INC.",1992-01-01,THE ENSIGN GROUP,507,342,3.2,2.9,2.4,4.4,N,NA,N,N,N,Resident,Yes,4,NA,4,NA,3,NA,4,NA,2,NA,4,NA,NA,NA,2.12278,0.77846,0.90951,1.68797,3.81075,3.44527,0.67429,0.03816,34.5,NA,52.9,NA,0,NA,1.44401,1.0376,2.41962,0.89266,0.70486,4.01714,3.56374,2.03158,0.74502,0.87043,3.64703,3.29724,2026-01-12,6,6,2,24,1,0,24,2025-01-09,23,15,9,128,1,0,128,50,NA,0,0,0,0,"5925 47TH AVENUE NE,MARYSVILLE,WA,98270",48.05,-122.17,NA,2026-06-01
505409,SUMMITVIEW REHAB AND HEALTH CENTER,3801 SUMMITVIEW AVENUE,YAKIMA,WA,98902,5099655240,380,Yakima,Y,Non profit - Corporation,78,57.5,NA,Medicare and Medicaid,N,WEST VALLEY NURSING HOMES INC,1992-01-01,HUMANGOOD,274,17,4.6,3.8,4.7,4.4,Y,NA,N,N,N,Resident,Yes,5,NA,4,NA,5,NA,5,NA,5,NA,4,NA,NA,NA,3.22728,0.89044,1.10893,1.99938,5.22666,4.41983,0.60061,0.11689,32,NA,46.2,NA,1,NA,1.60826,1.15562,2.69484,0.99419,0.78503,4.47407,3.9691,2.77319,0.76515,0.9529,4.49125,3.79794,2025-04-18,10,9,1,64,1,0,64,2024-06-12,14,12,2,92,1,0,92,71,0,2,178331,0,2,"3801 SUMMITVIEW AVENUE,YAKIMA,WA,98902",46.5999,-120.56,NA,2026-06-01
505411,SUNSHINE HEALTH & REHAB,10410 EAST NINTH AVENUE,SPOKANE,WA,99206,5099263547,310,Spokane,Y,For profit - Individual,37,33,NA,Medicare and Medicaid,N,"SUNSHINE HEALTH FACILITIES, INC",1992-01-01,NA,NA,NA,NA,NA,NA,NA,N,NA,N,N,N,None,Yes,4,NA,3,NA,5,NA,NA,2,5,NA,4,NA,NA,NA,2.77722,0.72648,1.52105,2.24753,5.02475,4.2247,0.71657,0.51291,NA,26,NA,26,0,NA,1.30871,0.94038,2.19291,0.80902,0.63881,3.64074,3.22982,2.93269,0.76715,1.6062,5.30605,4.46121,2026-01-30,12,9,3,60,1,0,60,2024-10-29,16,13,3,124,1,0,124,76,NA,0,0,0,0,"10410 EAST NINTH AVENUE,SPOKANE,WA,99206",47.6488,-117.27,NA,2026-06-01
505412,COLVILLE TRIBAL CONVALESCENT C,1 CONVALESCENT CENTER BLVD,NESPELEM,WA,99155,5096342878,230,Okanogan,N,Government - Federal,44,35.1,NA,Medicare and Medicaid,N,CONFEDERATED TRIBES OF THE COLVILLE RESERVATION,1992-01-01,NA,NA,NA,NA,NA,NA,NA,N,NA,N,N,N,Resident,Yes,4,NA,4,NA,3,NA,3,NA,NA,2,4,NA,NA,NA,3.2511,0.60928,0.86857,1.47785,4.72895,4.24918,0.58206,0,51.2,NA,57.1,NA,0,NA,1.22621,0.8811,2.05467,0.75802,0.59854,3.41123,3.02621,3.66408,0.68667,0.97891,5.32966,4.78895,2025-04-03,7,7,0,40,1,0,40,2024-04-30,7,4,3,44,1,0,44,41,NA,1,8173,0,1,"1 CONVALESCENT CENTER BLVD,NESPELEM,WA,99155",48.1291,-118.97,NA,2026-06-01
505413,COLONIAL VISTA POST-ACUTE & REHAB CENTER,625 OKANOGAN AVE,WENATCHEE,WA,98801,5096631171,030,Chelan,Y,For profit - Corporation,100,79.4,NA,Medicare and Medicaid,N,COLONIAL VISTA SNF HEALTHCARE LLC,1992-01-01,PACS GROUP,690,280,3,2.5,2.4,4.3,N,NA,N,N,N,Both,Yes,4,NA,4,NA,3,NA,3,NA,3,NA,4,NA,NA,NA,2.28776,0.48503,1.05366,1.53869,3.82645,3.39677,0.86376,0.0564,36,NA,44,NA,1,NA,1.50436,1.08096,2.52074,0.92996,0.73431,4.18502,3.71267,2.10164,0.44557,0.96794,3.51515,3.12043,2025-08-22,9,9,2,44,1,0,44,2024-09-27,12,11,2,84,1,0,84,54,0,0,0,1,1,"625 OKANOGAN AVE,WENATCHEE,WA,98801",47.4147,-120.31,NA,2026-06-01
505414,SOUTH HILL REHABILITATION AND CARE CENTER,17 EAST 8TH AVENUE,SPOKANE,WA,99202,5094745678,310,Spokane,Y,For profit - Limited Liability company,113,84.8,NA,Medicare and Medicaid,N,LAST EMPIRE HEALTHCARE LLC,1992-06-06,THE ENSIGN GROUP,507,342,3.2,2.9,2.4,4.4,N,NA,N,N,N,Resident,Yes,5,NA,4,NA,5,NA,5,NA,3,NA,3,NA,NA,NA,2.47898,1.19621,0.74933,1.94553,4.42452,3.74415,0.40804,0.23591,63.1,NA,60,NA,0,NA,1.51373,1.0877,2.53645,0.93576,0.73889,4.2111,3.73581,2.26321,1.09208,0.68411,4.0394,3.41825,2025-06-18,13,10,3,68,1,0,68,2024-02-22,15,10,6,84,1,0,84,72,NA,0,0,0,0,"17 EAST 8TH AVENUE,SPOKANE,WA,99202",47.6481,-117.41,NA,2026-06-01
505416,THE BROADVIEW CENTER,13023 GREENWOOD AVENUE NORTH,SEATTLE,WA,98133,2063641300,160,King,Y,For profit - Limited Liability company,211,131.2,NA,Medicare and Medicaid,N,Legal Business Name Not Available,1992-01-01,HILL VALLEY HEALTHCARE,270,44,1.9,1.8,1.8,3.9,N,NA,N,N,N,Resident,Yes,2,NA,1,NA,5,NA,5,NA,4,NA,3,NA,NA,NA,2.22363,0.79331,0.70008,1.49339,3.71702,3.38495,0.43602,0.04443,48.5,NA,50,NA,1,NA,1.53001,1.09939,2.56372,0.94582,0.74684,4.25638,3.77598,2.00848,0.71655,0.63234,3.35737,3.05744,2025-06-06,43,28,15,307,1,0,307,2024-04-30,31,27,5,168,1,0,168,272.25,NA,1,17252,0,1,"13023 GREENWOOD AVENUE NORTH,SEATTLE,WA,98133",47.7238,-122.36,NA,2026-06-01
505417,CASCADES OF ST ANNE,3540 NORTHEAST 110TH STREET,SEATTLE,WA,98125,2063637733,160,King,Y,For profit - Corporation,47,38.2,NA,Medicare and Medicaid,N,CASCADES AT THORNTON CREEK LLC,1992-01-01,CASCADES HEALTHCARE,117,20,2,1.8,2.2,4.1,N,NA,N,N,N,Resident,Yes,3,NA,2,NA,5,NA,3,NA,5,NA,2,NA,NA,NA,2.45843,0.32805,1.25711,1.58516,4.04359,3.59673,0.81059,0,65,NA,83.3,NA,2,NA,1.58463,1.13864,2.65524,0.97958,0.7735,4.40832,3.91077,2.14403,0.2861,1.09634,3.52646,3.13675,2026-01-21,22,21,3,132,1,0,132,2024-11-04,31,20,31,188,1,0,188,146,NA,0,0,2,2,"3540 NORTHEAST 110TH STREET,SEATTLE,WA,98125",47.7084,-122.29,NA,2026-06-01
505418,MARIANWOOD HEALTH AND REHABILITATION,3725 PROVIDENCE POINT DRIVE SOUTHEAST,ISSAQUAH,WA,98029,4253912800,160,King,Y,For profit - Limited Liability company,117,79.8,NA,Medicare and Medicaid,N,LUNA VEGA HEALTHCARE LLC,1992-01-01,THE ENSIGN GROUP,507,342,3.2,2.9,2.4,4.4,N,NA,N,N,N,Resident,Yes,3,NA,3,NA,4,NA,3,NA,5,NA,2,NA,NA,NA,2.30609,0.59627,0.91319,1.50946,3.81555,3.27336,0.63288,0.13084,73.2,NA,69,NA,1,NA,1.46941,1.05585,2.46219,0.90836,0.71726,4.0878,3.62643,2.16886,0.56079,0.85885,3.5885,3.07857,2025-11-21,9,9,0,40,1,0,40,2024-08-01,29,25,5,309,1,0,309,107.25,NA,2,64574,0,2,"3725 PROVIDENCE POINT DRIVE SOUTHEAST,ISSAQUAH,WA,98029",47.5749,-122.04,NA,2026-06-01
505421,WASHINGTON ODD FELLOWS HOME,534 BOYER AVENUE,WALLA WALLA,WA,99362,5095256463,350,Walla Walla,Y,Non profit - Corporation,53,48.3,NA,Medicare and Medicaid,N,WASHINGTON ODD FELLOWS HOME,1992-01-01,NA,NA,NA,NA,NA,NA,NA,N,NA,N,N,N,Resident,Yes,4,NA,3,NA,5,NA,5,NA,5,NA,2,NA,NA,NA,2.94095,0.63049,0.81476,1.44525,4.3862,3.73191,0.43112,0.05608,63.1,NA,46.2,NA,0,NA,1.67911,1.20653,2.81356,1.03799,0.81961,4.67116,4.14394,2.42052,0.51891,0.67058,3.61002,3.07151,2025-08-08,15,14,1,68,1,0,68,2024-07-23,25,18,10,180,1,0,180,96,1,1,67616,0,1,"534 BOYER AVENUE,WALLA WALLA,WA,99362",46.0706,-118.33,NA,2026-06-01
505429,SHARON CARE CENTER,1509 HARRISON AVENUE,CENTRALIA,WA,98531,3607360112,200,Lewis,N,For profit - Partnership,42,32.9,NA,Medicare and Medicaid,N,SHARON CARE CENTER INC,1992-01-01,REGENCY PACIFIC MANAGEMENT,442,27,4,3.7,3.9,3.7,N,NA,N,N,N,Resident,Yes,4,NA,4,NA,4,NA,4,NA,4,NA,4,NA,NA,NA,4.55468,1.60342,1.3239,2.92732,7.482,6.55224,1.13125,0.15129,98.2,NA,90,NA,0,NA,1.92397,1.38248,3.22386,1.18936,0.93914,5.35236,4.74826,3.27159,1.15172,0.95095,5.37425,4.70642,2025-09-12,10,9,1,48,1,0,48,2024-09-13,8,8,0,36,1,0,36,45,NA,0,0,0,0,"1509 HARRISON AVENUE,CENTRALIA,WA,98531",46.7336,-122.99,NA,2026-06-01
505430,REGENCY HARMONY HOUSE REHAB & NURSING,100 RIVER PLAZA,BREWSTER,WA,98812,5096892546,230,Okanogan,N,For profit - Limited Liability company,54,45.8,NA,Medicare and Medicaid,N,MBB BREWSTER LLC,1992-01-01,REGENCY PACIFIC MANAGEMENT,442,27,4,3.7,3.9,3.7,N,NA,N,N,N,Resident,Yes,5,NA,5,NA,2,NA,3,NA,1,NA,4,NA,NA,NA,2.621,0.30913,0.97169,1.28081,3.90182,3.22591,0.71929,0.03768,28.9,NA,30,NA,0,NA,1.32141,0.94951,2.21419,0.81687,0.64501,3.67608,3.26117,2.74112,0.3233,1.01622,4.08064,3.37376,2025-11-23,7,5,2,28,1,0,28,2024-09-11,8,3,5,40,1,0,40,31,0,0,0,0,0,"100 RIVER PLAZA,BREWSTER,WA,98812",48.1082,-119.78,NA,2026-06-01
505431,BOTHELL HEALTH CARE,707 -  228TH SOUTHWEST,BOTHELL,WA,98021,4254818500,300,Snohomish,Y,For profit - Individual,99,83.6,NA,Medicare and Medicaid,N,QUALITY HEALTH CARE OF BOTHELL LLC,1992-01-01,NA,NA,NA,NA,NA,NA,NA,N,NA,N,N,N,Resident,Yes,3,NA,2,NA,5,NA,5,NA,4,NA,4,NA,NA,NA,2.7934,0.75921,1.34264,2.10184,4.89525,4.0172,1.00964,0.22934,41.1,NA,37.9,NA,0,NA,1.77131,1.27278,2.96805,1.09499,0.86462,4.92766,4.37149,2.17941,0.59233,1.04752,3.81926,3.13421,2025-04-02,25,23,4,128,1,0,128,2024-01-20,20,15,20,132,1,0,132,129,0,2,53148,0,2,"707 -  228TH SOUTHWEST,BOTHELL,WA,98021",47.7914,-122.24,NA,2026-06-01
505434,LYNNWOOD POST ACUTE REHABILITATION CENTER,5821 188TH STREET SOUTHWEST,LYNNWOOD,WA,98037,4257765512,300,Snohomish,Y,For profit - Corporation,67,61.9,NA,Medicare and Medicaid,N,"LYNNWOOD HEALTH SERVICES, INC.",1992-01-01,THE ENSIGN GROUP,507,342,3.2,2.9,2.4,4.4,N,NA,N,N,N,Resident,Yes,4,NA,3,NA,5,NA,5,NA,5,NA,3,NA,NA,NA,2.18177,0.7632,0.75053,1.51373,3.6955,3.36505,0.5245,0.10544,46.8,NA,50,NA,0,NA,1.3485,0.96897,2.25959,0.83362,0.65824,3.75144,3.32803,2.23592,0.78214,0.76916,3.78722,3.44857,2025-07-08,15,15,0,76,1,0,76,2024-07-22,21,13,8,108,1,0,108,84,0,0,0,0,0,"5821 188TH STREET SOUTHWEST,LYNNWOOD,WA,98037",47.8284,-122.31,NA,2026-06-01
505435,ELISEO,1301 N HIGHLANDS PARKWAY,TACOMA,WA,98406,2537527112,260,Pierce,Y,Non profit - Corporation,187,123.6,NA,Medicare and Medicaid,N,ELISEO,1992-01-01,NA,NA,NA,NA,NA,NA,NA,Y,NA,N,N,N,Resident,Yes,3,NA,2,NA,5,NA,5,NA,5,NA,3,NA,NA,NA,2.87356,0.95814,0.69286,1.65101,4.52457,4.0573,0.57122,0.03907,43.4,NA,60,NA,0,NA,1.71201,1.23017,2.86869,1.05833,0.83567,4.76269,4.22514,2.31961,0.77344,0.55929,3.65234,3.27514,2025-05-09,22,15,7,104,1,0,104,2024-06-05,23,15,9,168,1,0,168,120,NA,0,0,0,0,"1301 N HIGHLANDS PARKWAY,TACOMA,WA,98406",47.2621,-122.52,NA,2026-06-01
505436,GIG HARBOR HEALTH AND REHABILITATION,3309 45TH STREET COURT NORTHWEST,GIG HARBOR,WA,98335,2538588688,260,Pierce,Y,For profit - Limited Liability company,120,96.7,NA,Medicare and Medicaid,N,GIG HARBOR SNF OPERATIONS LLC,1992-01-01,HILL VALLEY HEALTHCARE,270,44,1.9,1.8,1.8,3.9,N,NA,Y,N,N,Both,Yes,2,NA,1,NA,5,NA,5,NA,4,NA,3,NA,NA,NA,2.15976,1.00173,0.54918,1.55091,3.71067,3.33493,0.28627,0.05158,69.8,NA,73.1,NA,1,NA,1.26143,0.90641,2.11369,0.77979,0.61574,3.50922,3.11314,2.36615,1.09745,0.60166,4.06526,3.65361,2025-12-09,40,31,9,244,1,0,244,2024-12-11,44,28,17,295,1,0,295,256.75,NA,2,134478,2,4,"3309 45TH STREET COURT NORTHWEST,GIG HARBOR,WA,98335",47.2998,-122.58,NA,2026-06-01
505441,NORTH CENTRAL CARE CENTER,N 1812 WALL STREET,SPOKANE,WA,99205,5093286030,310,Spokane,Y,For profit - Corporation,99,84.7,NA,Medicare and Medicaid,N,"NORTH CENTRAL CARE CENTER, INC.",1992-03-01,HYATT FAMILY FACILITIES,276,5,2.6,2.4,3.4,3.8,N,NA,N,N,N,Resident,Yes,4,NA,3,NA,5,NA,5,NA,5,NA,4,NA,NA,NA,2.40809,0.64901,0.77628,1.42529,3.83337,3.46462,0.51642,0.11885,46.8,NA,41.7,NA,0,NA,1.2936,0.92952,2.16759,0.79968,0.63144,3.5987,3.19253,2.5726,0.69335,0.82931,4.09525,3.70131,2025-07-28,14,14,0,108,1,0,108,2024-03-29,15,14,1,68,1,0,68,98,0,0,0,0,0,"N 1812 WALL STREET,SPOKANE,WA,99205",47.6955,-117.44,22,2026-06-01
505442,CAROLINE KLINE GALLAND HOME,7500 SEWARD PARK AVENUE SOUTH,SEATTLE,WA,98118,2067258800,160,King,Y,Non profit - Corporation,205,197,NA,Medicare and Medicaid,N,CAROLINE KLINE GALLAND HOME,1992-01-01,NA,NA,NA,NA,NA,NA,NA,N,NA,N,N,N,Resident,Yes,3,NA,3,NA,5,NA,5,NA,5,NA,1,23,23,23,NA,NA,NA,NA,NA,NA,NA,NA,NA,26,NA,26,NA,26,NA,NA,NA,NA,NA,NA,NA,NA,NA,NA,NA,NA,2026-03-04,18,18,0,104,1,0,104,2024-11-21,14,13,1,72,1,0,72,96,NA,0,0,0,0,"7500 SEWARD PARK AVENUE SOUTH,SEATTLE,WA,98118",47.5353,-122.27,NA,2026-06-01
505453,KIN ON HEALTH CARE CENTER,4416 SOUTH BRANDON STREET,SEATTLE,WA,98118,2067213630,160,King,Y,Non profit - Corporation,100,93.3,NA,Medicare and Medicaid,N,KIN ON HEALTH CARE CENTER,1992-01-01,NA,NA,NA,NA,NA,NA,NA,N,NA,N,N,N,Resident,Yes,2,NA,2,NA,4,NA,5,NA,3,NA,4,NA,NA,NA,2.54568,0.61446,1.20917,1.82363,4.36931,3.78094,0.91392,0.04839,37.3,NA,46.2,NA,2,NA,1.37527,0.98821,2.30444,0.85017,0.6713,3.82591,3.39409,2.55809,0.61745,1.21506,4.3906,3.79937,2025-02-26,17,16,1,124,1,0,124,2024-01-03,25,18,7,203,1,0,203,143.75,NA,2,25493,1,3,"4416 SOUTH BRANDON STREET,SEATTLE,WA,98118",47.5534,-122.28,NA,2026-06-01
505454,NORTH VALLEY HOSPITAL,22 W 1ST STREET,TONASKET,WA,98855,5094862151,230,Okanogan,N,Government - Hospital district,42,38.2,NA,Medicare and Medicaid,Y,LONG TERM CARE DIVISION OF OCPHD 4,1992-01-01,NA,NA,NA,NA,NA,NA,NA,N,NA,N,N,N,Resident,Yes,5,NA,5,NA,2,NA,2,NA,NA,2,5,NA,NA,NA,2.92836,0.35828,1.32306,1.68135,4.6097,3.93535,0.96843,0.01793,34.5,NA,35.7,NA,NA,26,1.14535,0.823,1.91918,0.70803,0.55907,3.18629,2.82667,3.53333,0.4323,1.5964,5.56203,4.74836,2026-02-28,3,2,1,16,1,0,16,2024-11-16,11,11,0,76,1,0,76,31,NA,0,0,0,0,"22 W 1ST STREET,TONASKET,WA,98855",48.7067,-119.44,NA,2026-06-01
505455,JUDSON PARK HEALTH CENTER,23620 MARINE VIEW DRIVE SOUTH,DES MOINES,WA,98198,2068244000,160,King,Y,Non profit - Corporation,96,79.4,NA,Medicare and Medicaid,N,HUMANGOOD WASHINGTON,1992-01-01,HUMANGOOD,274,17,4.6,3.8,4.7,4.4,Y,NA,N,N,N,Resident,Yes,5,NA,3,NA,5,NA,5,NA,5,NA,5,NA,NA,NA,2.85792,0.80153,1.13491,1.93644,4.79436,4.2824,0.80096,0.15107,18.8,NA,28.6,NA,0,NA,1.55994,1.1209,2.61388,0.96432,0.76144,4.33964,3.84984,2.53187,0.71008,1.00544,4.24739,3.79384,2025-08-28,20,20,0,100,1,0,100,2024-05-09,17,17,0,96,1,0,96,99,NA,0,0,0,0,"23620 MARINE VIEW DRIVE SOUTH,DES MOINES,WA,98198",47.3895,-122.32,NA,2026-06-01
505463,MADISON POST ACUTE,2520 MADISON,EVERETT,WA,98203,4253534040,300,Snohomish,Y,For profit - Partnership,59,43.6,NA,Medicare and Medicaid,N,"EVERETT POST ACUTE, LLC",1992-01-01,THE MANDELBAUM FAMILY,798,18,3.4,2.8,3.7,4.6,N,NA,N,N,N,Resident,Yes,3,NA,3,NA,4,NA,4,NA,5,NA,4,NA,NA,NA,2.39098,0.92141,0.72656,1.64796,4.03895,3.73995,0.61077,0.14201,28,NA,50,NA,0,NA,1.50551,1.08179,2.52267,0.93068,0.73488,4.18822,3.71551,2.19479,0.8458,0.66694,3.70752,3.43306,2025-07-21,15,14,4,108,1,0,108,2024-08-07,14,14,1,52,1,0,52,94,NA,1,71318,0,1,"2520 MADISON,EVERETT,WA,98203",47.9361,-122.2,NA,2026-06-01
505465,JOSEPHINE CARING COMMUNITY,9901 272ND PLACE NORTHWEST,STANWOOD,WA,98292,3606292126,300,Snohomish,Y,Non profit - Church related,160,113.8,NA,Medicare and Medicaid,N,JOSEPHINE CARING COMMUNITY,1992-01-01,NA,NA,NA,NA,NA,NA,NA,Y,NA,N,N,N,Resident,Yes,5,NA,4,NA,5,NA,5,NA,5,NA,3,NA,NA,NA,2.89898,0.90588,0.80469,1.71057,4.60954,3.78266,0.56481,0.0343,21.9,NA,36,NA,0,NA,1.82224,1.30938,3.05339,1.12647,0.88948,5.06934,4.49718,2.19856,0.68701,0.61027,3.49584,2.86874,2025-09-15,12,10,2,60,1,0,60,2024-07-15,7,7,0,52,1,0,52,58,NA,0,0,0,0,"9901 272ND PLACE NORTHWEST,STANWOOD,WA,98292",48.2436,-122.37,NA,2026-06-01
505469,THE TERRACES AT SKYLINE,715 9TH AVENUE,SEATTLE,WA,98104,2064071700,160,King,Y,Non profit - Corporation,34,28.8,NA,Medicare and Medicaid,N,PRESBYTERIAN RETIREMENT COMMUNITIES NORTHWEST,1992-01-16,NA,NA,NA,NA,NA,NA,NA,Y,NA,N,N,N,Resident,Yes,1,NA,2,NA,4,NA,4,NA,4,NA,1,23,23,23,NA,NA,NA,NA,NA,NA,NA,NA,NA,26,NA,26,NA,26,NA,NA,NA,NA,NA,NA,NA,NA,NA,NA,NA,NA,2025-08-07,18,18,0,132,1,0,132,2024-08-23,16,14,16,96,1,0,96,123,NA,0,0,0,0,"715 9TH AVENUE,SEATTLE,WA,98104",47.6064,-122.33,NA,2026-06-01
505470,COLUMBIA LUTHERAN HOME,4700 PHINNEY AVENUE NORTH,SEATTLE,WA,98103,2066327400,160,King,Y,Non profit - Corporation,116,76.9,NA,Medicare and Medicaid,N,COLUMBIA LUTHERAN MINISTRIES,1992-03-01,NA,NA,NA,NA,NA,NA,NA,N,NA,N,N,N,Resident,Yes,4,NA,3,NA,5,NA,5,NA,5,NA,4,NA,NA,NA,3.51035,0.63418,1.05792,1.6921,5.20245,4.52985,0.75722,0.13629,41.7,NA,36.8,NA,0,NA,1.71314,1.23098,2.87059,1.05903,0.83623,4.76584,4.22794,2.83176,0.51159,0.85341,4.19676,3.65417,2025-03-20,14,13,1,80,1,0,80,2024-02-28,26,23,3,132,1,0,132,93,0,0,0,0,0,"4700 PHINNEY AVENUE NORTH,SEATTLE,WA,98103",47.6629,-122.35,NA,2026-06-01
505473,AGILITY HEALTH AND REHABILITATION,5520 BRIDGEPORT WAY WEST,UNIVERSITY PLACE,WA,98467,2535667166,260,Pierce,Y,For profit - Corporation,120,107.7,NA,Medicare and Medicaid,N,BRIDGEPORT WAY W HEALTHCARE LLC,1992-05-01,VERTICAL HEALTH SERVICES,636,16,1.9,2.3,1.6,3.5,N,NA,N,N,N,Resident,Yes,3,NA,3,NA,3,NA,3,NA,3,NA,3,NA,NA,NA,2.37248,1.01141,0.5515,1.56292,3.93539,3.32511,0.35586,0.06293,39.2,NA,16.7,NA,0,NA,1.51598,1.08931,2.54022,0.93715,0.73999,4.21736,3.74136,2.16275,0.92201,0.50275,3.58751,3.03117,2025-04-11,17,14,3,84,1,0,84,2024-05-09,11,8,3,56,1,0,56,77,0,0,0,0,0,"5520 BRIDGEPORT WAY WEST,UNIVERSITY PLACE,WA,98467",47.207,-122.53,NA,2026-06-01
505474,MARTHA AND MARY HEALTH SERVICE,19160 FRONT STREET NORTHEAST,POULSBO,WA,98370,3607797500,170,Kitsap,Y,Non profit - Corporation,135,108.1,NA,Medicare and Medicaid,N,MARTHA AND MARY HEALTH SERVICES,1992-07-01,NA,NA,NA,NA,NA,NA,NA,N,NA,N,N,N,Resident,Yes,5,NA,4,NA,5,NA,5,NA,4,NA,4,NA,NA,NA,2.87488,0.74786,1.07082,1.81868,4.69356,3.94535,0.72182,0.01791,34.2,NA,26.5,NA,0,NA,1.67437,1.20312,2.80561,1.03506,0.8173,4.65798,4.13225,2.37284,0.61726,0.88382,3.87392,3.25637,2026-02-13,10,9,1,52,1,0,52,2024-12-16,22,16,6,120,1,0,120,69,NA,0,0,0,0,"19160 FRONT STREET NORTHEAST,POULSBO,WA,98370",47.7368,-122.65,NA,2026-06-01
505475,WESLEY HOMES DES MOINES HEALTH CENTER,826 SOUTH 218TH STREET,DES MOINES,WA,98198,2068243663,160,King,Y,Non profit - Church related,148,68.5,NA,Medicare and Medicaid,N,WESLEY HOMES DES MOINES LLC,1992-05-01,NA,NA,NA,NA,NA,NA,NA,Y,NA,N,N,N,Resident,Yes,5,NA,4,NA,5,NA,5,NA,5,NA,3,NA,NA,NA,2.90976,0.85041,0.93912,1.78953,4.69929,4.20512,0.57742,0.04342,38.6,NA,38.9,NA,2,NA,1.7944,1.28937,3.00674,1.10926,0.87589,4.99189,4.42847,2.24098,0.65495,0.72327,3.6192,3.23861,2026-02-12,10,10,0,56,1,0,56,2024-10-29,21,21,2,120,1,0,120,72,NA,0,0,0,0,"826 SOUTH 218TH STREET,DES MOINES,WA,98198",47.4075,-122.32,NA,2026-06-01
505476,BAILEY-BOUSHAY HOUSE,2720 EAST MADISON,SEATTLE,WA,98112,2063225300,160,King,Y,Non profit - Corporation,35,27.8,NA,Medicare and Medicaid,N,VIRGINIA MASON MEDICAL CENTER,1992-06-25,COMMONSPIRIT HEALTH,151,19,2.9,2.7,3.3,3.7,N,NA,N,N,N,Resident,Yes,3,NA,3,NA,3,NA,3,NA,NA,2,NA,2,6,6,NA,NA,NA,NA,NA,NA,NA,NA,NA,26,NA,26,NA,26,NA,NA,NA,NA,NA,NA,NA,NA,NA,NA,NA,NA,2025-05-05,18,17,1,100,1,0,100,2024-05-20,19,18,1,92,1,0,92,98,NA,0,0,0,0,"2720 EAST MADISON,SEATTLE,WA,98112",47.6228,-122.3,NA,2026-06-01
505478,Corwin Center At Emerald Heights,10901 - 176TH CIRCLE NORTHEAST,REDMOND,WA,98052,4255568150,160,King,Y,Non profit - Corporation,61,52.4,NA,Medicare and Medicaid,N,EASTSIDE RETIREMENT ASSOCIATION,1992-12-08,NA,NA,NA,NA,NA,NA,NA,Y,NA,N,N,N,Resident,Yes,4,NA,3,NA,3,NA,2,NA,3,NA,5,NA,NA,NA,3.03407,0.72018,1.09249,1.81266,4.84673,4.22215,0.90205,0.15014,35.6,NA,56.3,NA,1,NA,1.19911,0.86162,2.00925,0.74126,0.58531,3.33583,2.95933,3.49677,0.83,1.25909,5.58586,4.86603,2025-04-23,12,12,2,64,1,0,64,2024-04-05,23,15,13,148,1,0,148,85,NA,1,39468,0,1,"10901 - 176TH CIRCLE NORTHEAST,REDMOND,WA,98052",47.697,-122.11,NA,2026-06-01
505483,Alaska Gardens Health and Rehabilitation,6220 SOUTH ALASKA STREET,TACOMA,WA,98408,2534765300,260,Pierce,Y,For profit - Individual,123,110.9,NA,Medicare and Medicaid,N,ALASKA GARDENS SNF OPERATIONS LLC,1993-08-26,EVERGREEN HEALTHCARE GROUP,846,43,2.4,2.3,3.3,3,N,NA,N,N,N,Both,Yes,1,NA,1,NA,4,NA,3,NA,5,NA,2,NA,NA,NA,2.28721,1.17053,0.40593,1.57646,3.86368,3.44579,0.30241,0,54.4,NA,75,NA,0,NA,1.39857,1.00495,2.34348,0.86457,0.68268,3.89073,3.4516,2.26006,1.15664,0.40111,3.81782,3.40489,2026-05-07,17,12,5,147,0,0,147,2025-05-23,34,10,25,409,1,0,409,212.5,NA,3,196648,0,3,"6220 SOUTH ALASKA STREET,TACOMA,WA,98408",47.2004,-122.46,NA,2026-06-01
505484,NORTHWOODS LODGE,2321 SCHOLD PLACE NORTHWEST,SILVERDALE,WA,98383,3606983930,170,Kitsap,Y,For profit - Limited Liability company,57,50.3,NA,Medicare and Medicaid,N,"SANTE SNF OP CO, LLC",1994-02-01,SANTE,466,5,4.6,3.8,4.2,4.6,N,NA,N,N,N,None,Yes,5,NA,4,NA,4,NA,NA,2,4,NA,5,NA,NA,NA,2.91941,1.54375,1.30665,2.8504,5.76981,4.6443,0.68813,0.18759,46.3,NA,50,NA,0,NA,1.57122,1.129,2.63277,0.9713,0.76695,4.37102,3.87768,2.56778,1.35781,1.14927,5.07486,4.08492,2026-03-16,9,8,1,44,1,0,44,2025-01-13,22,18,4,160,1,0,160,73,0,1,51942,0,1,"2321 SCHOLD PLACE NORTHWEST,SILVERDALE,WA,98383",47.6741,-122.68,NA,2026-06-01
505485,LINDEN GROVE HEALTH CARE CENTER,400 - 29TH STREET NORTHEAST,PUYALLUP,WA,98373,2538404400,260,Pierce,Y,For profit - Limited Liability company,130,94.4,NA,Medicare and Medicaid,N,400 29TH STREET NORTHEAST OPERATIONS LLC,1993-08-04,GENESIS HEALTHCARE,237,187,2.4,2.3,2.5,3.6,N,NA,Y,N,N,Resident,Yes,1,NA,1,NA,2,NA,4,NA,1,NA,3,NA,NA,NA,2.06177,1.1609,0.62984,1.79073,3.8525,3.27739,0.52359,0.04176,54.5,NA,61.5,NA,1,NA,1.27724,0.91777,2.14018,0.78957,0.62345,3.5532,3.15217,2.23083,1.25608,0.68148,4.16839,3.54612,2026-01-14,35,32,3,319,1,0,319,2025-01-29,49,24,27,324,1,0,324,320.25,NA,6,193178,0,6,"400 - 29TH STREET NORTHEAST,PUYALLUP,WA,98373",47.1931,-122.25,NA,2026-06-01
505488,Richmond Beach Rehab,19235 - 15TH AVENUE NORTHWEST,SHORELINE,WA,98177,2065462666,160,King,Y,For profit - Limited Liability company,131,104.4,NA,Medicare and Medicaid,N,RICHMOND BEACH REHAB LLC,1994-07-18,AVAMERE,58,29,3.1,2.7,4.1,3.7,N,NA,N,N,N,Resident,Yes,4,NA,3,NA,5,NA,5,NA,4,NA,3,NA,NA,NA,2.57023,0.87116,0.60379,1.47495,4.04518,3.41367,0.52525,0.07017,36.3,NA,50,NA,0,NA,1.4247,1.02372,2.38726,0.88072,0.69543,3.96341,3.51607,2.49316,0.84503,0.58568,3.92388,3.3113,2026-02-25,14,13,3,84,1,0,84,2024-11-29,11,9,2,60,1,0,60,78,0,1,44753,0,1,"19235 - 15TH AVENUE NORTHWEST,SHORELINE,WA,98177",47.7687,-122.38,NA,2026-06-01
505491,EVERETT CENTER,1919  112TH STREET SOUTHWEST,EVERETT,WA,98204,4255131600,300,Snohomish,Y,For profit - Partnership,100,80.9,NA,Medicare and Medicaid,N,SUNBRIDGE NURSING HOME LLC,1995-09-18,GENESIS HEALTHCARE,237,187,2.4,2.3,2.5,3.6,N,NA,N,N,N,Both,Yes,4,NA,3,NA,5,NA,4,NA,5,NA,2,NA,NA,NA,2.32994,0.75676,1.16312,1.91988,4.24982,3.68046,0.73681,0.05329,39.3,NA,47.1,NA,0,NA,2.1395,1.53734,3.585,1.32259,1.04434,5.95193,5.28016,1.50498,0.48882,0.7513,2.7451,2.37733,2026-02-24,4,4,0,20,1,0,20,2025-08-29,18,5,14,337,1,0,337,99.25,NA,2,378252,1,3,"1919  112TH STREET SOUTHWEST,EVERETT,WA,98204",47.8964,-122.26,NA,2026-06-01
505493,PARK SHORE,1630 43RD AVENUE EAST,SEATTLE,WA,98112,2063290770,160,King,Y,Non profit - Corporation,28,17.5,NA,Medicare and Medicaid,N,PRESBYTERIAN RETIREMENT COMMUNITIES NORTHWEST,1995-08-10,NA,NA,NA,NA,NA,NA,NA,Y,NA,N,N,N,Resident,Yes,4,NA,3,NA,5,NA,4,NA,5,NA,4,NA,NA,NA,2.59377,0.72168,1.18559,1.90727,4.50105,4.47656,0.98888,0.1019,NA,26,NA,26,1,NA,1.19595,0.85935,2.00397,0.73931,0.58377,3.32705,2.95154,2.99722,0.83393,1.37,5.20115,5.17286,2025-12-08,14,12,2,72,1,0,72,2024-10-16,12,11,1,80,1,0,80,74,1,0,0,0,0,"1630 43RD AVENUE EAST,SEATTLE,WA,98112",47.6345,-122.28,NA,2026-06-01
505496,AVALON CARE CENTER AT NORTHPOINTE,9827 NORTH NEVADA,SPOKANE,WA,99218,5094687000,310,Spokane,Y,For profit - Corporation,119,94.6,NA,Medicare and Medicaid,N,"AVALON CARE CENTER - SPOKANE, LLC",1996-05-08,AVALON HEALTH CARE,57,16,3.4,2.8,3.9,4.2,N,NA,N,N,N,Resident,Yes,1,NA,1,NA,3,NA,5,NA,1,NA,3,NA,NA,NA,2.57823,1.19612,0.60571,1.80183,4.38006,3.71522,0.32234,0.03134,67.1,NA,75,NA,0,NA,1.48227,1.06509,2.48373,0.91631,0.72353,4.12358,3.65817,2.40377,1.11519,0.56472,4.08367,3.46382,2025-02-07,36,34,12,232,1,0,232,2023-11-09,29,13,17,152,1,0,152,212,1,2,84614,0,2,"9827 NORTH NEVADA,SPOKANE,WA,99218",47.7477,-117.4,NA,2026-06-01
505499,COTTESMORE OF LIFE CARE,2909 14TH AVENUE NORTHWEST,GIG HARBOR,WA,98335,2538515433,260,Pierce,Y,For profit - Limited Liability company,108,101.2,NA,Medicare and Medicaid,N,"GIG HARBOR OPERATIONS, LLC",1996-12-06,LIFE CARE CENTERS OF AMERICA,311,194,3.5,2.9,3.3,4.5,N,NA,N,N,N,Resident,Yes,4,NA,3,NA,5,NA,5,NA,5,NA,4,NA,NA,NA,2.46367,0.7712,1.10501,1.87621,4.33988,3.57385,0.58831,0.1207,47.3,NA,13.6,NA,0,NA,1.53835,1.10538,2.57769,0.95097,0.7509,4.27957,3.79655,2.21324,0.6928,0.99269,3.89873,3.21057,2026-02-27,9,7,2,56,1,0,56,2025-01-13,23,18,5,144,1,0,144,78,NA,2,35713,0,2,"2909 14TH AVENUE NORTHWEST,GIG HARBOR,WA,98335",47.2845,-122.56,NA,2026-06-01
505500,Bellevue Post Acute,2424 156TH AVENUE NORTHEAST,BELLEVUE,WA,98007,4256411166,160,King,Y,For profit - Limited Liability company,69,68,NA,Medicare and Medicaid,N,"EVERGREEN WASHINGTON HEALTHCARE GREENWOOD, L.L.C.",1997-01-22,KALESTA HEALTHCARE GROUP,297,17,2.4,1.9,3.1,4.1,N,NA,N,N,N,Resident,Yes,3,NA,2,NA,5,NA,5,NA,5,NA,2,NA,NA,NA,2.30156,0.56542,0.92876,1.49418,3.79575,3.47605,0.72804,0.10592,100,NA,100,NA,1,NA,1.58967,1.14226,2.66369,0.9827,0.77596,4.42235,3.92322,2.00086,0.49155,0.80741,3.29982,3.02189,2026-01-10,25,23,3,144,1,0,144,2024-10-17,38,28,10,200,1,0,200,158,NA,0,0,0,0,"2424 156TH AVENUE NORTHEAST,BELLEVUE,WA,98007",47.6319,-122.13,NA,2026-06-01
505504,COVENANT SHORES HEALTH CENTER,9107 FORTUNA DRIVE,MERCER ISLAND,WA,98040,2063168042,160,King,Y,Non profit - Corporation,43,38,NA,Medicare and Medicaid,N,COVENANT LIVING WEST,1997-09-04,COVENANT LIVING,168,15,4.4,4.1,4.3,3.6,Y,NA,N,N,N,Resident,Yes,5,NA,4,NA,5,NA,5,NA,5,NA,5,NA,NA,NA,2.59085,0.19253,1.49631,1.68884,4.27969,3.86136,1.42636,0.29081,49,NA,31.3,NA,0,NA,1.31149,0.94237,2.19756,0.81074,0.64017,3.64847,3.23668,2.7301,0.20287,1.57673,4.5097,4.06888,2026-02-11,11,11,0,52,1,0,52,2024-12-16,10,9,1,60,1,0,60,54,NA,0,0,0,0,"9107 FORTUNA DRIVE,MERCER ISLAND,WA,98040",47.5813,-122.21,NA,2026-06-01
505507,Shelton Health and Rehabilitation,153 JOHNS COURT,SHELTON,WA,98584,3604272575,220,Mason,N,For profit - Limited Liability company,76,61.8,NA,Medicare and Medicaid,N,"SHELTON SNF OPERATIONS, LLC",1999-02-12,EVERGREEN HEALTHCARE GROUP,846,43,2.4,2.3,3.3,3,N,NA,N,N,N,Resident,Yes,2,NA,2,NA,3,NA,4,NA,3,NA,3,NA,NA,NA,2.33612,0.97708,0.57761,1.55469,3.89081,3.49464,0.50906,0,59.2,NA,40,NA,0,NA,1.43863,1.03373,2.4106,0.88933,0.70223,4.00217,3.55046,2.24412,0.9386,0.55486,3.73759,3.35701,2026-03-27,16,9,7,112,1,0,112,2025-03-19,21,16,5,199,1,0,199,133.75,0,3,65213,0,3,"153 JOHNS COURT,SHELTON,WA,98584",47.234,-123.11,NA,2026-06-01
505509,Spokane Veterans Home,222 EAST FIFTH,SPOKANE,WA,99202,5093445770,310,Spokane,Y,Government - State,100,97.2,NA,Medicare and Medicaid,N,DEPARTMENT OF VETERANS AFFAIRS SPOKANE VETERANS HOME,2001-11-21,NA,NA,NA,NA,NA,NA,NA,N,NA,N,N,N,Resident,Yes,5,NA,4,NA,5,NA,5,NA,NA,2,5,NA,NA,NA,2.51591,0.02416,1.49896,1.52312,4.03904,3.58489,1.24734,0.05188,37.6,NA,28.1,NA,0,NA,1.28374,0.92244,2.15107,0.79358,0.62663,3.57128,3.1682,2.70843,0.02601,1.61366,4.34811,3.85921,2025-03-25,13,12,1,64,1,0,64,2024-03-14,21,10,13,84,1,0,84,69,NA,0,0,0,0,"222 EAST FIFTH,SPOKANE,WA,99202",47.6518,-117.41,NA,2026-06-01
505510,"Avalon Care Center Federal Way, L.L.C.",135 SOUTH 336TH STREET,FEDERAL WAY,WA,98003,2538357453,160,King,Y,For profit - Corporation,120,104.7,NA,Medicare and Medicaid,N,"AVALON CARE CENTER - FEDERAL WAY, LLC",2002-08-02,AVALON HEALTH CARE,57,16,3.4,2.8,3.9,4.2,N,NA,N,N,N,Resident,Yes,4,NA,3,NA,5,NA,5,NA,5,NA,4,NA,NA,NA,2.45847,0.94628,0.91322,1.8595,4.31797,3.793,0.65309,0.0292,39.8,NA,33.3,NA,0,NA,1.45164,1.04308,2.43241,0.89738,0.70858,4.03837,3.58257,2.34048,0.90086,0.8694,4.11074,3.61097,2025-11-21,12,12,0,60,1,0,60,2024-07-24,25,24,1,132,1,0,132,78,NA,0,0,0,0,"135 SOUTH 336TH STREET,FEDERAL WAY,WA,98003",47.2999,-122.33,NA,2026-06-01
505512,GARDEN TERRACE HEALTHCARE CENTER OF FEDERAL WAY,491 SOUTH 338TH STREET,FEDERAL WAY,WA,98003,2536612226,160,King,Y,For profit - Limited Liability company,70,60.7,NA,Medicare,N,"FEDERAL WAY MEDICAL INVESTORS, LLC",2003-06-12,LIFE CARE CENTERS OF AMERICA,311,194,3.5,2.9,3.3,4.5,N,NA,N,N,N,Resident,Yes,5,NA,3,NA,5,NA,NA,2,5,NA,5,NA,NA,NA,3.00678,0.9706,1.53992,2.51052,5.5173,4.81936,1.25664,0.19299,29.9,NA,18.8,NA,1,NA,1.57652,1.13282,2.64166,0.97458,0.76954,4.38578,3.89077,2.63573,0.85082,1.34988,4.83644,4.22462,2025-06-16,16,15,4,76,1,0,76,2024-04-16,22,18,4,120,1,0,120,87,NA,0,0,0,0,"491 SOUTH 338TH STREET,FEDERAL WAY,WA,98003",47.2986,-122.33,NA,2026-06-01
505513,PUGET SOUND TRANSITIONAL CARE,"2800 SOUTH 224TH STREET,",DES MOINES,WA,98198,2068240600,160,King,Y,For profit - Corporation,165,79.1,NA,Medicare and Medicaid,N,RIVER OTTER HEALTHCARE LLC,2004-02-02,THE ENSIGN GROUP,507,342,3.2,2.9,2.4,4.4,N,NA,N,N,N,Resident,Yes,1,NA,1,NA,4,NA,4,NA,5,NA,3,NA,NA,NA,2.2296,0.73278,0.93212,1.6649,3.8945,3.37757,0.67586,0.0364,27.1,NA,57.1,NA,1,NA,1.60017,1.14981,2.68129,0.98919,0.78108,4.45156,3.94913,1.92557,0.63286,0.80501,3.36345,2.91701,2025-08-27,28,21,7,211,1,0,211,2024-06-12,18,18,2,112,1,0,112,186.25,NA,0,0,0,0,"2800 SOUTH 224TH STREET,,DES MOINES,WA,98198",47.4009,-122.3,NA,2026-06-01
505514,Richland Post Acute,1745 PIKE AVENUE,RICHLAND,WA,99354,5099468095,020,Benton,Y,For profit - Limited Liability company,71,68.9,NA,Medicare and Medicaid,N,RICHLAND SNF HEALTHCARE LLC,2004-12-29,PACS GROUP,690,280,3,2.5,2.4,4.3,N,NA,N,N,N,Resident,Yes,5,NA,4,NA,5,NA,5,NA,5,NA,3,NA,NA,NA,2.60074,0.55003,1.26577,1.8158,4.41654,3.78879,0.98273,0.21573,39.3,NA,47.8,NA,0,NA,2.11447,1.51936,3.54307,1.30713,1.03213,5.88232,5.2184,1.69978,0.35949,0.82728,2.88655,2.47627,2025-06-25,10,9,1,60,1,0,60,2024-08-12,23,17,6,120,1,0,120,75,0,1,59762,0,1,"1745 PIKE AVENUE,RICHLAND,WA,99354",46.2999,-119.28,NA,2026-06-01
505515,REGENCY OLYMPIA REHABILITATION AND NURSING CENTER,1811 EAST 22ND AVENUE,OLYMPIA,WA,98501,3609430910,330,Thurston,Y,For profit - Limited Liability company,28,22.2,NA,Medicare and Medicaid,N,"BD OLYMPIA I, LLC",2005-06-01,REGENCY PACIFIC MANAGEMENT,442,27,4,3.7,3.9,3.7,N,NA,N,N,N,Resident,Yes,5,NA,4,NA,5,NA,5,NA,5,NA,3,NA,NA,NA,2.84462,0.99685,0.78508,1.78193,4.62655,4.3917,0.49979,0.04963,63.6,NA,77.8,NA,0,NA,1.47711,1.06138,2.47508,0.91312,0.72101,4.10921,3.64542,2.66141,0.93264,0.73452,4.32857,4.10885,2026-04-10,9,6,3,36,1,0,36,2025-05-23,18,15,3,112,1,0,112,55,NA,1,8278,0,1,"1811 EAST 22ND AVENUE,OLYMPIA,WA,98501",47.0294,-122.88,NA,2026-06-01
505516,Washington Soldiers Home,1301 ORTING-KAPOWSIN HWY E,ORTING,WA,98360,3608934515,260,Pierce,Y,Government - State,97,91.4,NA,Medicare and Medicaid,N,STATE OF WASHINGTON WASHINGTON SOLDIERS HOME,2007-01-01,NA,NA,NA,NA,NA,NA,NA,N,NA,N,N,N,Resident,Yes,4,NA,3,NA,4,NA,4,NA,NA,2,5,NA,NA,NA,2.65367,0.88337,0.76638,1.64975,4.30342,3.75649,0.42935,0.06513,37.5,NA,33.3,NA,0,NA,1.28281,0.92177,2.14951,0.79301,0.62617,3.56869,3.1659,2.8588,0.95165,0.82563,4.63608,4.04687,2025-08-29,14,14,0,84,1,0,84,2024-07-18,13,12,1,60,1,0,60,78,NA,1,10358,0,1,"1301 ORTING-KAPOWSIN HWY E,ORTING,WA,98360",47.0823,-122.21,NA,2026-06-01
505517,Washington Veteran Home-Retsil,1141 BEACH DRIVE,PT ORCHARD,WA,98366,3608954700,170,Kitsap,Y,Government - State,240,230.3,NA,Medicare and Medicaid,N,"STATE OF WASHINGTON, WASHINGTON VETERANS HOMES",2007-03-01,NA,NA,NA,NA,NA,NA,NA,N,NA,N,N,N,Both,Yes,4,NA,2,NA,5,NA,5,NA,NA,2,5,NA,NA,NA,2.54336,0.45795,0.94462,1.40257,3.94593,3.63076,0.74089,0.03731,44.5,NA,26.1,NA,0,NA,1.27041,0.91286,2.12874,0.78534,0.62012,3.5342,3.13531,2.76671,0.49817,1.02757,4.29244,3.94959,2025-04-28,19,15,4,108,1,0,108,2024-04-22,26,15,11,152,1,0,152,119,NA,1,23920,1,2,"1141 BEACH DRIVE,PT ORCHARD,WA,98366",47.5467,-122.61,NA,2026-06-01
505518,BRIARWOOD AT TIMBER RIDGE,100 TIMBER RIDGE WAY NW,ISSAQUAH,WA,98027,4254275200,160,King,Y,For profit - Corporation,45,42.1,NA,Medicare and Medicaid,N,TIMBER RIDGE OPCO LLC,2008-06-30,LIFE CARE SERVICES,312,44,4.1,3.7,4.5,4.1,Y,NA,N,N,N,Resident,Yes,5,NA,4,NA,5,NA,4,NA,5,NA,5,NA,NA,NA,2.98242,0.78172,0.90075,1.68247,4.66488,4.18469,0.69664,0.08904,22.9,NA,27.3,NA,0,NA,1.15479,0.82978,1.93499,0.71387,0.56368,3.21254,2.84995,3.56915,0.93551,1.07795,5.58261,5.00795,2025-12-16,9,9,0,60,1,0,60,2024-10-25,5,5,0,32,1,0,32,53,NA,0,0,0,0,"100 TIMBER RIDGE WAY NW,ISSAQUAH,WA,98027",47.5311,-122.07,NA,2026-06-01
505519,BENSON HEIGHTS REHABILITATION CENTER,22410 BENSON ROAD SE,KENT,WA,98031,2538527755,160,King,Y,For profit - Limited Liability company,91,80.3,NA,Medicare and Medicaid,N,"AVALON CARE CENTER-KENT, LLC",2008-11-10,AVALON HEALTH CARE,57,16,3.4,2.8,3.9,4.2,N,NA,N,N,N,Resident,Yes,4,NA,3,NA,4,NA,4,NA,3,NA,5,NA,NA,NA,2.89451,0.75473,0.75376,1.50849,4.403,4.03792,0.63274,0.01242,42.1,NA,18.8,NA,0,NA,1.30705,0.93919,2.19013,0.80799,0.638,3.63613,3.22574,3.06042,0.79799,0.79696,4.65537,4.26937,2025-02-25,14,13,1,72,1,0,72,2023-11-20,22,21,2,188,1,0,188,101,NA,1,29075,0,1,"22410 BENSON ROAD SE,KENT,WA,98031",47.4011,-122.2,NA,2026-06-01
505520,Mirabella,116 FAIRVIEW AVENUE N,SEATTLE,WA,98109,2062541400,160,King,Y,Non profit - Corporation,46,35.9,NA,Medicare and Medicaid,N,MIRABELLA,2009-04-28,NA,NA,NA,NA,NA,NA,NA,Y,NA,N,N,N,None,Yes,4,NA,3,NA,4,NA,5,NA,4,NA,5,NA,NA,NA,2.73528,0.42065,1.40475,1.8254,4.56068,3.99961,1.09384,0.10587,38.9,NA,42.9,NA,1,NA,1.34504,0.96648,2.25378,0.83147,0.65655,3.7418,3.31947,2.8104,0.43221,1.44332,4.68593,4.10945,2025-06-27,16,14,2,96,1,0,96,2024-06-28,20,14,6,120,1,0,120,102,NA,1,8278,1,2,"116 FAIRVIEW AVENUE N,SEATTLE,WA,98109",47.6187,-122.33,NA,2026-06-01
505522,SALMON CREEK POST ACUTE & REHABILITATION,2811 NE 139TH STREET,VANCOUVER,WA,98686,3605745247,050,Clark,Y,For profit - Corporation,120,107,NA,Medicare and Medicaid,N,SALMON CREEK SNF OPERATIONS LLC,2011-10-26,HILL VALLEY HEALTHCARE,270,44,1.9,1.8,1.8,3.9,N,NA,N,N,N,Both,Yes,2,NA,2,NA,3,NA,3,NA,3,NA,3,NA,NA,NA,2.16878,1.09778,0.66814,1.76592,3.9347,3.46837,0.55168,0.19373,65.5,NA,65,NA,0,NA,1.33538,0.95954,2.2376,0.82551,0.65183,3.71493,3.29564,2.24445,1.13609,0.69145,4.0719900000000004,3.58939,2026-01-09,25,15,11,124,1,0,124,2024-10-25,14,7,7,68,1,0,68,110,0,0,0,0,0,"2811 NE 139TH STREET,VANCOUVER,WA,98686",45.7219,-122.64,NA,2026-06-01
505525,LACEY POST ACUTE & REHABILITATION,4524 INTELCO LOOP SE,LACEY,WA,98503,3604919890,330,Thurston,Y,For profit - Limited Liability company,120,117.8,NA,Medicare and Medicaid,N,LACEY SNF OPERATIONS LLC,2012-07-25,HILL VALLEY HEALTHCARE,270,44,1.9,1.8,1.8,3.9,N,NA,N,N,N,Resident,Yes,4,NA,3,NA,5,NA,5,NA,5,NA,3,NA,NA,NA,2.1261,1.11029,0.63576,1.74605,3.87215,3.5457,0.51728,0.0592,55.7,NA,59.3,NA,0,NA,1.41245,1.01492,2.36674,0.87315,0.68945,3.92933,3.48585,2.08022,1.08633,0.62204,3.7886,3.4692,2025-06-06,17,9,8,76,1,0,76,2024-08-23,18,12,6,88,1,0,88,79,NA,1,7443,0,1,"4524 INTELCO LOOP SE,LACEY,WA,98503",47.0006,-122.83,NA,2026-06-01
505526,LIFE CARE CENTER OF SOUTH HILL,2508 7TH ST SOUTHEAST,PUYALLUP,WA,98374,2536615948,260,Pierce,Y,For profit - Corporation,100,95.2,NA,Medicare,N,SOUTH HILL OPERATIONS LLC,2015-06-24,LIFE CARE CENTERS OF AMERICA,311,194,3.5,2.9,3.3,4.5,N,NA,N,N,N,None,Yes,5,NA,4,NA,5,NA,NA,2,5,NA,3,NA,NA,NA,2.30203,1.42959,1.09883,2.52842,4.83045,4.0234,0.89975,0.31141,49.6,NA,41.7,NA,1,NA,1.73862,1.24929,2.91328,1.07478,0.84866,4.83672,4.29082,1.82981,1.13633,0.87342,3.83957,3.19807,2025-11-21,7,7,1,28,1,0,28,2024-10-31,19,14,5,108,1,0,108,48,NA,1,17388,0,1,"2508 7TH ST SOUTHEAST,PUYALLUP,WA,98374",47.1686,-122.29,NA,2026-06-01
505527,PINE RIDGE POST ACUTE,21008 76TH AVENUE WEST,EDMONDS,WA,98026,4257780107,300,Snohomish,Y,For profit - Limited Liability company,80,75.4,NA,Medicare and Medicaid,N,PINE RIDGE SNF HEALTHCARE LLC,2016-03-09,PACS GROUP,690,280,3,2.5,2.4,4.3,N,NA,N,N,N,Resident,Yes,3,NA,2,NA,4,NA,3,NA,4,NA,5,NA,NA,NA,2.38392,0.92784,0.89998,1.82782,4.21174,3.60946,0.6844,0.15784,20.8,NA,30.8,NA,2,NA,1.23816,0.88969,2.0747,0.76541,0.60438,3.44448,3.05572,2.66081,1.03561,1.00451,4.70093,4.02869,2026-03-25,15,15,0,88,1,0,88,2024-12-18,30,15,15,164,1,0,164,107,NA,1,16445,0,1,"21008 76TH AVENUE WEST,EDMONDS,WA,98026",47.8087,-122.34,NA,2026-06-01
505528,LEA HILL REHABILITATION AND CARE CENTER,32049 109TH PL SE,AUBURN,WA,98092,2538761160,160,King,Y,Non profit - Corporation,36,34.8,NA,Medicare and Medicaid,N,WESLEY HOMES LEA HILL LLC,2016-10-24,NA,NA,NA,NA,NA,NA,NA,N,NA,N,N,N,Resident,Yes,5,NA,4,NA,5,NA,5,NA,5,NA,4,NA,NA,NA,2.69375,0.88823,1.02064,1.90887,4.60262,3.81824,0.63971,0,43.2,NA,50,NA,1,NA,1.59952,1.14934,2.68019,0.98879,0.78076,4.44974,3.94751,2.32739,0.76742,0.88183,3.97664,3.29894,2025-09-19,14,14,0,64,1,0,64,2024-07-02,15,15,0,92,1,0,92,71,NA,0,0,0,0,"32049 109TH PL SE,AUBURN,WA,98092",47.3152,-122.2,NA,2026-06-01
505529,AVAMERE TRANSITIONAL CARE OF PUGET SOUND,630 SOUTH PEARL STREET,TACOMA,WA,98465,2536717300,260,Pierce,Y,For profit - Limited Liability company,60,53.3,NA,Medicare and Medicaid,N,GEORGIAN REHAB LLC,2017-03-27,AVAMERE,58,29,3.1,2.7,4.1,3.7,N,NA,N,N,N,Resident,Yes,4,NA,3,NA,4,NA,4,NA,5,NA,5,NA,NA,NA,2.56608,0.70301,1.65059,2.3536,4.91968,4.24565,1.11276,0.29462,30,NA,35,NA,0,NA,1.49546,1.07456,2.50582,0.92446,0.72997,4.16025,3.6907,2.37135,0.64966,1.52533,4.54634,3.92347,2025-11-25,14,11,3,88,0,0,88,2024-07-31,13,10,3,96,1,0,96,90,NA,1,35875,0,1,"630 SOUTH PEARL STREET,TACOMA,WA,98465",47.2551,-122.52,NA,2026-06-01
505530,WASHINGTON STATE WALLA WALLA VETERANS HOME,92 WAINWRIGHT DRIVE,WALLA WALLA,WA,99362,5093946800,350,Walla Walla,Y,Government - State,80,78,NA,Medicare and Medicaid,N,WASHINGTON STATE WALLA WALLA VETERANS HOME,2018-03-05,NA,NA,NA,NA,NA,NA,NA,N,NA,N,N,N,Resident,Yes,5,NA,4,NA,4,NA,4,NA,NA,2,5,NA,NA,NA,4.4983,0.02105,1.55991,1.58096,6.07926,5.46849,1.29521,0.01027,19.2,NA,25.7,NA,0,NA,1.35035,0.9703,2.26269,0.83476,0.65914,3.75659,3.3326,4.60363,0.02154,1.59643,6.2216,5.59654,2026-02-27,13,8,5,76,1,0,76,2024-12-16,13,9,4,56,1,0,56,71,0,1,15935,0,1,"92 WAINWRIGHT DRIVE,WALLA WALLA,WA,99362",46.0421,-118.3,NA,2026-06-01
505531,HERON'S KEY,4340 BORGEN BLVD NW,GIG HARBOR,WA,98332,2533130800,260,Pierce,Y,Non profit - Corporation,30,21.7,NA,Medicare,N,HERONS KEY,2018-01-31,NA,NA,NA,NA,NA,NA,NA,Y,NA,N,N,N,Both,Yes,5,NA,5,NA,5,NA,5,NA,5,NA,5,NA,NA,NA,2.81509,0.33087,1.72024,2.05111,4.8662,4.36764,1.46011,0.19249,28,NA,50,NA,0,NA,1.21329,0.87181,2.03301,0.75003,0.59223,3.37527,2.99432,3.20648,0.37687,1.95941,5.54276,4.97489,2026-02-13,3,3,0,12,1,0,12,2024-11-15,13,12,1,96,1,0,96,33,NA,1,15015,0,1,"4340 BORGEN BLVD NW,GIG HARBOR,WA,98332",47.3598,-122.59,NA,2026-06-01
505532,CEDAR RIVER HEALTHCARE CENTER,17420 106TH PL SE,RENTON,WA,98055,4253626200,160,King,Y,For profit - Corporation,60,54.8,NA,Medicare and Medicaid,N,RENTON SNF HEALTHCARE LLC,2019-04-25,PACS GROUP,690,280,3,2.5,2.4,4.3,N,NA,N,N,N,Resident,Yes,3,NA,2,NA,5,NA,5,NA,5,NA,4,NA,NA,NA,2.62572,1.25158,1.08275,2.33433,4.96005,4.07315,0.69725,0.19285,47.7,NA,38.5,NA,1,NA,1.48655,1.06817,2.4909,0.91896,0.72562,4.13548,3.66872,2.441,1.16353,1.00658,4.61112,3.78661,2025-04-21,13,12,1,72,1,0,72,2024-03-22,14,8,6,275,1,0,275,122.75,NA,1,74815,0,1,"17420 106TH PL SE,RENTON,WA,98055",47.4467,-122.2,NA,2026-06-01
505533,EVERETT TRANSITIONAL CARE SERVICES,916 PACIFIC AVENUE,EVERETT,WA,98201,4253822800,300,Snohomish,Y,Non profit - Other,62,47.7,NA,Medicare and Medicaid,N,EVERETT TRANSITIONAL CARE SERVICES,2020-06-05,NA,NA,NA,NA,NA,NA,NA,N,NA,N,N,N,Resident,Yes,5,NA,5,NA,5,NA,5,NA,NA,2,4,NA,NA,NA,2.71813,0.78985,1.63803,2.42788,5.14601,4.5087,1.1998,0.05514,57.3,NA,66.7,NA,0,NA,1.42603,1.02468,2.3895,0.88155,0.69608,3.96713,3.51937,2.63414,0.76545,1.58742,4.98701,4.36939,2025-12-15,3,3,0,16,1,0,16,2025-02-14,10,9,1,72,1,0,72,30,0,1,21863,0,1,"916 PACIFIC AVENUE,EVERETT,WA,98201",47.9765,-122.22,NA,2026-06-01
505534,Transitional Care Of Seattle,2611 S DEARBORN STREET,SEATTLE,WA,98144,2067126500,160,King,Y,For profit - Limited Liability company,165,64.4,NA,Medicare and Medicaid,N,"TRANSITIONAL CARE SNF OPERATIONS, LLC",2020-12-28,EVERGREEN HEALTHCARE GROUP,846,43,2.4,2.3,3.3,3,N,NA,N,N,N,Resident,Yes,4,NA,3,NA,4,NA,4,NA,4,NA,5,NA,NA,NA,5.19521,1.06052,1.64724,2.70776,7.90296,7.10697,1.40629,0,35.3,NA,45.8,NA,0,NA,1.37336,0.98683,2.30124,0.84899,0.67037,3.8206,3.38938,5.22778,1.06717,1.65757,7.95251,7.15153,2025-09-23,17,15,2,88,1,0,88,2024-06-13,20,15,5,140,1,0,140,101,NA,0,0,0,0,"2611 S DEARBORN STREET,SEATTLE,WA,98144",47.5955,-122.3,NA,2026-06-01
505535,Bridges To Home,18904 BURKE AVE N,SHORELINE,WA,98133,2066295878,160,King,Y,Non profit - Corporation,12,5.9,NA,Medicare and Medicaid,N,ASHLEY HOUSE,2024-08-30,NA,NA,NA,NA,NA,NA,NA,N,NA,N,N,N,None,Yes,2,NA,2,NA,NA,2,NA,2,NA,2,NA,2,6,6,NA,NA,NA,NA,NA,NA,NA,NA,NA,27,NA,27,NA,27,NA,NA,NA,NA,NA,NA,NA,NA,NA,NA,NA,NA,2025-08-04,15,10,5,96,2,48,144,2024-08-08,0,0,0,0,0,0,0,108,NA,1,8278,2,3,"18904 BURKE AVE N,SHORELINE,WA,98133",47.7665,-122.34,NA,2026-06-01
505536,THREE RIVERS CARE,1305 ALEXANDER ST,CENTRALIA,WA,98531,3607549792,200,Lewis,N,For profit - Limited Liability company,83,46.3,NA,Medicare and Medicaid,N,THREE RIVERS CARE LLC,2025-01-15,CALDERA CARE,97,7,2.9,2.6,3,4.1,N,NA,N,N,N,Resident,Yes,5,NA,5,NA,5,NA,5,NA,NA,2,3,NA,NA,NA,2.51157,1.03742,0.57728,1.61469,4.12626,3.583,0.69418,0.15826,NA,27,NA,27,NA,27,1.38579,0.99576,2.32206,0.85667,0.67644,3.85516,3.42005,2.50465,1.03456,0.57569,4.1149,3.57313,2025-11-18,9,8,1,36,1,0,36,2024-12-10,0,0,0,0,0,0,0,27,NA,0,0,0,0,"1305 ALEXANDER ST,CENTRALIA,WA,98531",46.7196,-122.97,NA,2026-06-01
505537,Montesano Health-Rehab Center,800 N MEDCALF LANE,MONTESANO,WA,98563,3602492273,130,Grays Harbor,N,For profit - Limited Liability company,94,NA,10,Medicare and Medicaid,N,800 MEDCALF LANE NORTH OPERATIONS LLC,2025-09-19,GENESIS HEALTHCARE,237,187,2.4,2.3,2.5,3.6,N,NA,N,N,N,Resident,Yes,NA,1,NA,1,NA,1,NA,1,NA,1,NA,1,6,6,NA,NA,NA,NA,NA,NA,NA,NA,NA,27,NA,27,NA,27,NA,NA,NA,NA,NA,NA,NA,NA,NA,NA,NA,NA,2025-08-20,NA,NA,NA,NA,NA,NA,NA,NA,NA,NA,NA,NA,NA,NA,NA,NA,NA,0,0,0,0,"800 N MEDCALF LANE,MONTESANO,WA,98563",46.9881,-123.59,NA,2026-06-01
50A181,COLUMBIA BASIN HOSPITAL,200 NAT WASHINGTON WAY,EPHRATA,WA,98823,5097544631,120,Grant,N,Government - Hospital district,12,11.5,NA,Medicaid,Y,Legal Business Name Not Available,1975-08-11,NA,NA,NA,NA,NA,NA,NA,N,NA,N,N,N,Resident,Yes,3,NA,4,NA,4,NA,4,NA,NA,2,1,24,NA,NA,3.0116,0.60655,1.10428,1.71084,4.72244,4.67543,1.0674,0,23.5,NA,NA,27,NA,26,1.15999,0.83351,1.94371,0.71708,0.56622,3.22701,2.86279,3.58792,0.72263,1.31561,5.62615,5.57015,2025-03-14,9,8,1,44,1,0,44,2024-02-02,15,15,0,104,1,0,104,59,NA,0,0,0,0,"200 NAT WASHINGTON WAY,EPHRATA,WA,98823",47.3143,-119.54,NA,2026-06-01
50A260,FIRCREST NURSING FACILITY,15230-15TH NORTHEAST,SEATTLE,WA,98155,2063613511,160,King,Y,Government - State,110,85.8,NA,Medicaid,N,Legal Business Name Not Available,1994-05-13,NA,NA,NA,NA,NA,NA,NA,N,NA,N,N,N,None,Yes,5,NA,4,NA,5,NA,5,NA,NA,2,4,NA,NA,NA,7.23964,1.30592,0.65628,1.9622,9.20184,8.81456,0.53986,0.00203,41.5,NA,53.3,NA,NA,26,1.5301,1.09946,2.56388,0.94588,0.74688,4.25664,3.77621,6.53876,1.1795,0.59274,8.311,7.96121,2025-11-07,9,7,2,52,1,0,52,2024-11-07,21,16,5,116,1,0,116,68,NA,0,0,0,0,"15230-15TH NORTHEAST,SEATTLE,WA,98155",47.7631,-122.29,22,2026-06-01
50A261,YAKIMA VALLEY SCHOOL,609 SPEYERS ROAD,SELAH,WA,98942,5096981300,380,Yakima,Y,Government - State,112,50.1,NA,Medicaid,N,Legal Business Name Not Available,1994-04-21,NA,NA,NA,NA,NA,NA,NA,N,NA,N,N,N,None,Yes,3,NA,2,NA,3,NA,3,NA,NA,2,5,NA,NA,NA,13.03666,0.80825,1.8715,2.67974,15.7164,14.34358,1.0118,0.0052,32.3,NA,25,NA,3,NA,1.28515,0.92345,2.15343,0.79445,0.62731,3.5752,3.17168,14.01883,0.86914,2.01249,16.90046,15.42421,2025-06-06,11,8,3,68,1,0,68,2024-04-26,16,7,9,233,1,0,233,109.25,0,0,0,0,0,"609 SPEYERS ROAD,SELAH,WA,98942",46.6592,-120.54,NA,2026-06-01
50A263,LAKELAND VILLAGE NURSING FACILITY,STATE HIGHWAY 902 & SALNAVE ROAD,MEDICAL LAKE,WA,99022,5092991800,310,Spokane,Y,Government - State,93,75.8,NA,Medicaid,N,Legal Business Name Not Available,1994-05-23,NA,NA,NA,NA,NA,NA,NA,N,NA,Y,N,N,None,Yes,4,NA,2,NA,5,NA,5,NA,NA,2,5,NA,NA,NA,8.21278,0.40722,1.89683,2.30405,10.51683,9.59471,1.59421,0.03154,32.4,NA,32.3,NA,0,NA,1.4098,1.01301,2.36229,0.87151,0.68816,3.92195,3.4793,8.05069,0.39918,1.8594,10.30927,9.40535,2025-10-27,7,4,4,28,1,0,28,2024-09-27,14,6,8,168,1,0,168,63,0,0,0,0,0,"STATE HIGHWAY 902 & SALNAVE ROAD,MEDICAL LAKE,WA,99022",47.6182,-117.71,22,2026-06-01
